Popup;Enlarge;Panel
;;
13.80545;14.70082;0
13.80172;14.70136;0
13.81;14.70183;0
13.81426;14.69614;0
13.8189;14.69499;0
13.82105;14.69477;0
13.82778;14.69507;0
13.83247;14.69755;0
13.83495;14.69865;0
13.8388;14.69982;0
13.84075;14.69665;0
13.84295;14.69392;0
13.84517;14.69489;0
13.83979;14.69159;0
13.84049;14.69167;0
13.83887;14.68865;0
13.83947;14.68895;0
13.84014;14.68807;0
13.83951;14.68903;0
13.84224;14.69209;15.2363
13.83582;14.69296;15.09433
13.83728;14.69324;15.08943
13.83506;14.69351;15.08935
13.83637;14.69366;15.08815
13.83333;14.69523;15.08869
13.8352;14.69523;15.08868
13.83426;14.69415;15.09017
13.83506;14.69217;15.09133
13.83583;14.69114;15.09446
13.83654;14.68958;15.09693
13.8386;14.68591;15.10154
13.83312;14.68422;15.10197
13.8342;14.6792;15.10424
13.83504;14.67779;15.10583
13.83823;14.67653;15.10731
13.83954;14.67254;15.11009
13.84829;14.67217;15.11216
13.84992;14.67165;15.11963
13.85192;14.67043;15.12369
13.85472;14.66969;15.12845
13.85525;14.66834;15.15602
13.85787;14.66387;15.16256
13.86;14.66221;15.17571
13.86192;14.66092;15.18923
13.86558;14.6605;15.20239
13.86768;14.65916;15.20856
13.86972;14.65751;15.22092
13.86808;14.65617;15.22618
13.86926;14.65411;15.23459
13.87384;14.64918;15.23352
13.87551;14.64546;15.23065
13.8775;14.64205;15.22287
13.87833;14.63965;15.21616
13.878;14.63691;15.2092
13.87924;14.63415;15.20111
13.88056;14.62857;15.19136
15.3743;14.62565;15.17027
15.21816;14.61895;15.14026
15.22025;14.61751;15.13082
15.22227;14.61637;15.1155
15.21396;14.61595;15.1068
15.21552;14.62067;15.10087
15.19773;14.6207;15.09218
15.19944;14.62181;15.07603
15.20058;14.62552;15.06505
15.19516;14.62865;15.05692
15.19882;14.62986;15.06032
15.19857;14.61777;15.06168
15.19796;14.61849;15.0636
15.18602;14.61939;15.06403
15.18417;14.62601;15.06436
15.18298;14.62851;15.06625
15.18168;14.63002;15.06686
15.1807;14.62375;15.06663
15.17819;14.62554;15.06882
15.1757;14.62705;15.07022
15.1744;14.64157;15.06884
15.17967;14.64825;15.06795
15.19448;14.65415;15.05989
15.20155;14.65172;15.05495
15.20756;14.64723;15.04847
15.20897;14.64723;15.03365
15.21344;14.64507;15.029
15.21401;14.64447;15.01453
15.21435;14.64403;15.00447
15.21442;14.64403;14.99988
15.21385;14.64363;14.99538
15.21183;14.64248;14.99228
15.21051;14.64241;14.98933
15.20891;14.6427;14.98458
15.20895;14.64191;14.98324
15.20761;14.64191;14.98205
15.20593;14.6417;14.98075
15.20558;14.63946;14.97517
15.20319;14.63862;14.9714
15.19998;14.63818;14.96977
15.19601;14.63958;14.96381
15.19356;14.63883;14.96063
15.19107;14.63883;14.962
15.19037;14.63472;14.9702
15.18858;14.63424;14.97445
15.18708;14.63431;14.97677
15.1859;14.63184;14.97855
15.18335;14.62997;14.98101
15.18069;14.62997;14.98537
15.17883;14.62969;14.98837
15.16789;14.62838;14.98983
15.16632;14.62624;14.98973
15.16562;14.63009;14.9886
15.16562;14.62356;14.98562
15.16203;14.62356;14.98282
15.16206;14.62563;14.97885
15.16086;14.62154;14.97583
15.16011;14.61992;14.97314
15.16011;14.61956;14.96946
15.15943;14.61956;14.96641
15.16072;14.61705;14.9635
15.16058;14.6156;14.95944
15.15949;14.61298;14.94866
15.15949;14.61057;14.94334
15.15865;14.61207;14.93782
15.15889;14.6077;14.93292
15.15798;14.6077;14.92809
15.15798;14.60561;14.92313
15.15589;14.60461;14.91784
15.15662;14.60371;14.9126
15.15718;14.60371;14.90657
15.15334;14.59756;14.89835
15.1541;14.59756;14.89028
15.1553;14.59602;14.88182
15.15707;14.5939;14.87225
15.15927;14.59011;14.86262
15.16244;14.5877;14.8524
15.16847;14.58009;14.83887
15.17261;14.58009;14.82738
15.17593;14.57906;14.81512
15.17983;14.57665;14.80093
15.18417;14.57392;14.78661
15.18784;14.56877;14.77186
15.18394;14.56877;14.75642
15.18457;14.56773;14.74097
15.18541;14.56881;14.72545
15.17733;14.57096;14.70863
15.17485;14.57368;14.694
15.16915;14.57594;14.67962
15.16545;14.58837;14.66511
15.15405;14.59079;14.62723
15.15405;14.59079;14.61575
15.1512;14.59659;14.60577
15.14808;14.60079;14.59865
15.14233;14.60079;14.59118
15.13405;14.61188;14.59118
15.13405;14.61188;14.58386
15.12372;14.61838;14.57696
15.11969;14.62462;14.56976
15.11609;14.63222;14.56573
15.10726;14.6457;14.55901
15.09979;14.6457;14.55261
15.09979;14.65693;14.55025
15.09257;14.66365;14.54447
15.08892;14.67742;14.53898
15.08481;14.67742;14.53331
15.07062;14.68958;14.52313
15.07062;14.68958;14.52313
15.06569;14.69951;14.5127
15.06163;14.70255;14.50818
15.05818;14.70528;14.50425
15.05048;14.70528;14.49361
15.05048;14.71308;14.48516
15.04836;14.71408;14.48516
15.046;14.71367;14.47521
15.04536;14.71367;14.46965
15.04472;14.71618;14.46376
15.04305;14.71618;14.45582
15.05251;14.71487;14.44322
15.05287;14.71487;14.44322
15.0533;14.7161;14.43829
15.05791;14.71648;14.43193
15.05791;14.71576;14.42471
15.06005;14.71596;14.41594
15.06529;14.71598;14.38633
15.06816;14.71587;14.38633
15.06816;14.71587;14.37785
15.08554;14.71638;14.36959
15.08554;14.71666;14.36337
15.09188;14.71432;14.3549
15.1003;14.71243;14.34597
15.10719;14.71131;14.33707
15.11318;14.71065;14.32781
15.12315;14.70965;14.31868
15.12315;14.70838;14.30952
15.13008;14.70444;14.30107
15.13512;14.70294;14.29346
15.14044;14.70294;14.28241
15.14512;14.70013;14.27511
15.14803;14.69891;14.26829
15.14876;14.70028;14.26075
15.14831;14.69845;14.25476
15.14831;14.69848;14.2493
15.14201;14.69823;14.24406
15.13639;14.69845;14.2382
15.13222;14.69884;14.23162
15.13222;14.69928;14.22459
15.12712;14.69989;14.2173
15.12226;14.69863;14.21049
15.11334;14.699;14.20151
15.11041;14.69683;14.19556
15.10713;14.69756;14.18985
15.10713;14.69855;14.18461
15.12049;14.69752;14.16381
15.11825;14.69777;14.15468
15.11559;14.69825;14.14519
15.10787;14.69983;14.13159
15.10787;14.69963;14.12087
15.10007;14.69941;14.10987
15.09512;14.71251;14.09561
15.09103;14.71329;14.08183
15.08758;14.71384;14.06776
15.08087;14.71729;14.04902
15.08087;14.71771;14.03483
15.07527;14.71804;14.02116
15.06904;14.71839;14.009
15.05631;14.71806;13.99598
15.04162;14.71732;13.98219
15.04162;14.71449;13.96882
15.03431;14.71361;13.95477
15.03431;14.71276;13.94031
15.02189;14.71276;13.92502
15.01473;14.71211;13.90996
15.00853;14.71148;13.89258
15.00435;14.71013;13.87673
15.00043;14.70928;13.86108
14.99586;14.70859;13.84607
14.99412;14.7087;13.82935
14.98854;14.70816;13.81486
14.98783;14.70786;13.80009
14.98734;14.70787;13.75648
14.98717;14.70702;13.75648
14.97944;14.70579;13.74131
14.9802;14.70527;13.72861
14.97719;14.7052;13.71638
14.97669;14.70544;13.70882
14.97669;14.70638;13.69572
15.07544;14.70749;13.68208
15.07449;14.70833;13.67625
15.01778;14.71002;13.66316
15.01702;14.71093;13.65051
15.01647;14.71183;13.64334
14.98008;14.71222;13.63164
14.97831;14.71266;13.61967
14.97659;14.71266;13.60757
14.97369;14.71262;13.60757
14.9723;14.71276;13.5845
14.97142;14.71304;13.57236
14.97072;14.70991;13.55787
14.9683;14.70987;13.55787
14.96747;14.70901;13.53296
14.93939;14.7085;13.51762
14.93865;14.70824;13.50105
14.93848;14.70771;13.48141
14.93848;14.70747;13.4627
14.9361;14.70743;13.44444
14.93616;14.70715;13.42931
14.93542;14.70637;13.41267
14.9356;14.70568;13.39584
14.93578;14.70513;13.34518
14.93672;14.70463;13.34518
14.9367;14.7043;13.32892
14.93713;14.70557;13.30964
14.93755;14.70512;13.27105
14.9386;14.70461;13.27105
14.93999;14.70444;13.25404
14.9423;14.70394;13.23862
14.94476;14.70346;13.22435
14.94822;14.69976;13.21116
14.94905;14.69959;13.20014
14.96033;14.69897;13.17599
14.96575;14.69885;13.17599
14.96575;14.69897;13.15766
14.97251;14.69893;13.14587
14.98671;14.69763;13.13511
14.98671;14.69715;12.82907
14.99315;14.69667;12.82907
15.00741;14.69609;12.81519
15.01428;14.69474;12.80505
15.02129;14.69474;12.7904
15.02849;14.69505;12.77522
15.0351;14.6946;12.76958
15.0351;14.69471;12.75427
15.04071;14.69501;12.73888
15.05316;14.69468;12.73248
15.05846;14.69477;12.71623
15.06442;14.69485;12.70128
15.07246;14.69451;12.6007
15.07246;14.6945;12.57882
15.08448;14.69444;12.57882
15.08712;14.69542;12.56383
15.09965;14.6959;12.55167
15.10283;14.6963;12.54243
15.10486;14.69563;12.53559
15.10878;14.69606;12.52858
15.1103;14.69655;12.52639
15.11181;14.69523;12.52618
15.11752;14.69522;12.5181
15.12013;14.69537;12.5181
15.12041;14.69632;12.51925
15.12041;14.69647;12.51632
15.12206;14.69701;12.51405
15.12138;14.69872;12.50944
15.12182;14.69875;12.50329
15.12182;14.6995;12.48747
15.12183;14.701;12.48747
15.12528;14.70507;12.47767
15.12528;14.70556;12.46854
15.12723;14.70744;12.45903
15.12723;14.70751;12.44445
15.12695;14.70731;12.43836
15.12695;14.70775;12.43836
15.1268;14.70799;12.43276
15.12667;14.70849;12.42754
15.12677;14.70967;12.4224
15.12481;14.71114;12.40719
15.12538;14.71334;12.40017
15.12612;14.71581;12.39447
15.12612;14.719;12.38936
15.12479;14.72219;12.38121
15.12497;14.72434;12.37838
15.12497;14.72705;12.37838
15.12239;14.72972;12.37612
15.12239;14.73224;12.37503
15.12124;14.73642;12.3746
15.12021;14.737;12.37337
15.11915;14.737;12.36801
15.11778;14.73556;12.36801
15.1154;14.73415;12.36694
15.1154;14.73415;12.36396
15.11498;14.73063;12.36198
15.11493;14.72604;12.36039
15.11501;14.72049;12.35811
15.11468;14.70725;12.35811
15.11455;14.70054;12.35717
15.11632;14.70054;12.35658
15.11704;14.69347;12.35628
15.11699;14.67334;12.35657
15.11878;14.66505;12.35213
15.11815;14.65654;12.35213
15.11719;14.64634;12.35114
15.11719;14.64634;12.34957
15.11776;14.63811;12.34559
15.11776;14.62096;12.34559
15.11723;14.6133;12.34315
15.11704;14.60649;12.34105
15.11704;14.59996;12.33936
15.1179;14.59996;12.33815
15.11775;14.58994;12.33565
15.11768;14.58994;12.33565
15.11738;14.58121;12.33418
15.11738;14.5777;12.33329
15.11721;14.57523;12.33259
15.11732;14.57247;12.33201
15.11656;14.57247;12.33066
15.11615;14.56904;12.33066
15.11633;14.56664;12.33039
15.11633;14.56403;12.33081
15.11629;14.55633;12.33187
15.11655;14.55633;12.33341
15.11659;14.55461;12.33253
15.11635;14.5527;12.33253
15.11564;14.55072;12.33052
15.11528;14.54891;12.32547
15.11581;14.54763;12.32297
15.11691;14.5482;12.32297
15.11774;14.54783;12.31773
15.10963;14.54711;12.31583
15.11041;14.54575;12.31438
15.11051;14.5447;12.31349
15.10832;14.54357;12.31197
15.10756;14.54154;12.31025
15.10605;14.54011;12.30853
15.103;14.53873;12.30653
15.09752;14.53628;12.30469
15.0951;14.53526;12.30279
15.0951;14.53377;12.30116
15.09138;14.53119;12.29964
15.07957;14.52984;12.29859
15.07468;14.52881;12.29859
15.07468;14.52837;12.29782
15.07005;14.52752;12.29421
15.05712;14.52752;12.29421
15.05712;14.528;12.29256
15.0407;14.52794;12.28791
15.02829;14.5279;12.28503
15.02829;14.5281;12.28503
15.01071;14.52862;12.28166
15.01071;14.52862;12.27795
14.99945;14.52905;12.27355
14.98178;14.52981;12.26867
14.98178;14.53089;12.2588
14.95418;14.53221;12.2588
14.95418;14.53579;12.25321
14.94471;14.53592;12.24892
14.92626;14.53562;12.24366
14.91648;14.53578;12.23858
14.91648;14.53402;12.23034
14.90674;14.53197;12.23034
14.90011;14.52961;12.22628
14.89113;14.52737;12.22211
14.8738;14.52604;12.21898
14.8738;14.52491;12.21504
14.85828;14.52329;12.21302
14.85828;14.52153;12.20492
14.8517;14.52054;12.20492
14.84271;14.51951;12.20056
14.8345;14.51864;12.1949
14.81699;14.51737;12.18867
14.81699;14.51641;12.18172
14.81199;14.51542;12.15531
14.8034;14.51642;12.14863
14.79423;14.51561;12.14185
14.78912;14.51549;12.13504
14.78014;14.51624;12.13504
14.77129;14.51438;12.12795
14.76321;14.51438;12.11995
14.75399;14.51511;12.11167
14.74453;14.51601;12.10241
14.73527;14.51752;12.09218
14.72533;14.52022;12.08076
14.71491;14.52022;12.06822
14.70292;14.5204;12.05481
14.69073;14.52132;12.04073
14.67843;14.52274;12.01153
14.65431;14.52207;11.99877
14.64191;14.52392;11.99877
14.64191;14.52392;11.97371
14.6291;14.5242;11.97371
14.6137;14.52499;11.95256
14.59843;14.52552;11.95256
14.57541;14.52625;11.92746
14.57541;14.52779;11.91753
14.56159;14.52779;11.91753
14.54782;14.52866;11.90709
14.53466;14.52839;11.89447
14.52305;14.52937;11.86132
14.50949;14.52996;11.86132
14.50949;14.52996;11.84377
14.50445;14.53074;11.83303
14.49599;14.53106;11.83303
14.48595;14.53172;11.82721
14.47292;14.53213;11.81685
14.44628;14.53172;11.80712
14.44051;14.53245;11.7994
14.43508;14.53245;11.78949
14.42909;14.53218;11.77924
14.41908;14.53111;11.76096
14.41297;14.53144;11.76096
14.40851;14.53188;11.75059
14.40295;14.53188;11.74296
14.39705;14.52876;11.72997
14.38861;14.52861;11.71527
14.36288;14.52883;11.68638
14.35213;14.52938;11.68638
14.35213;14.52938;11.67179
14.34197;14.52783;11.65631
14.33307;14.52785;11.64154
14.32234;14.52682;11.62643
14.30588;14.52682;11.61085
14.29773;14.52582;11.59455
14.29773;14.52582;11.57797
14.28875;14.52478;11.56137
14.28012;14.52442;11.54368
14.27069;14.52388;11.526
14.243;14.52234;11.46875
14.243;14.52179;11.46875
14.23331;14.52174;11.45659
14.22418;14.52153;11.4445
14.21549;14.52148;11.4205
14.20847;14.52159;11.4205
14.19904;14.52035;11.40949
14.18875;14.52055;11.40205
14.17903;14.52094;11.39347
14.17011;14.5215;11.38571
14.16202;14.5215;11.37901
14.15507;14.52199;11.36963
14.1405;14.52287;11.35926
14.1405;14.52671;11.35246
14.13143;14.5277;11.3438
14.12477;14.52862;11.3362
14.11847;14.52728;11.33262
14.10688;14.52776;11.32536
14.10688;14.52798;11.31714
14.10114;14.52836;11.31331
14.09643;14.52871;11.30552
14.09292;14.52924;11.29816
14.08867;14.52999;11.28173
14.08867;14.53028;11.28173
14.08742;14.53088;11.27256
14.08699;14.53223;11.26565
14.08644;14.53188;11.25727
14.08635;14.53169;11.249
14.08639;14.53266;11.21923
14.08639;14.53242;11.21923
14.08706;14.53179;11.212
14.08721;14.53112;11.20535
14.08776;14.53043;11.18872
14.08812;14.52936;11.18872
14.08728;14.52862;11.1801
14.08794;14.52726;11.17195
14.08879;14.52726;11.16331
14.0892;14.52634;11.15547
14.09019;14.52578;11.14883
14.09124;14.52505;11.14409
14.09169;14.52484;11.13932
14.09369;14.52528;11.13379
14.09369;14.52479;11.12963
14.09407;14.52424;11.12618
14.09361;14.52489;11.12221
14.09199;14.52407;11.11954
14.09199;14.52407;11.11689
14.09064;14.52422;11.11551
14.08907;14.52381;11.1125
14.0871;14.52337;11.10934
14.08469;14.5229;11.10511
14.07954;14.52178;11.10511
14.07954;14.52102;11.10348
14.07715;14.52121;11.10186
14.07407;14.52221;11.10042
14.06946;14.5221;11.09771
14.06946;14.52256;11.09411
14.07205;14.5226;11.08494
14.07268;14.52261;11.07974
14.07268;14.52262;11.07471
14.07302;14.52229;11.0701
14.07165;14.52212;11.06553
14.06914;14.52199;11.06136
14.06914;14.52345;11.05835
14.06346;14.52345;11.05491
14.05903;14.5235;11.05205
14.05479;14.52346;11.04811
14.04679;14.52373;11.04403
14.03083;14.5234;11.03868
14.03083;14.52278;11.03401
14.02263;14.52269;11.02851
14.01763;14.52263;11.02198
14.01241;14.5218;11.01719
14.0031;14.52213;11.01272
13.99725;14.52267;11.00719
13.99719;14.52305;11.00292
13.99166;14.52331;10.99951
13.98591;14.52346;10.99676
13.98282;14.52366;10.98553
13.96975;14.52414;10.98553
13.96975;14.52415;10.98076
13.96205;14.52383;10.97816
13.9534;14.52238;10.97383
13.94293;14.52193;10.97383
13.92945;14.52162;10.96967
13.90127;14.52197;10.96426
13.90127;14.52266;10.95943
13.88569;14.52296;10.95394
13.86926;14.52346;10.95072
13.85164;14.52356;10.95072
13.79717;14.52224;10.94848
13.79717;14.52227;10.9446
13.78046;14.52133;10.9446
13.76412;14.52133;10.94195
13.74794;14.5197;10.93709
13.73182;14.51858;10.93342
13.70075;14.51685;10.92871
13.70075;14.51685;10.92871
13.68612;14.51562;10.92453
13.6718;14.51548;10.9108
13.65764;14.51519;10.90716
13.62974;14.51558;10.90388
13.62974;14.51651;10.90055
13.61548;14.51719;10.89731
13.58982;14.51759;10.8934
13.58982;14.51838;10.88987
13.57572;14.51985;10.88569
13.56165;14.52087;10.8809
13.5207;14.52173;10.87655
13.50616;14.52244;10.87225
13.50616;14.52634;10.86686
13.4916;14.52802;10.86052
13.47778;14.52853;10.85383
13.45033;14.52932;10.84679
13.45033;14.52973;10.84021
13.43763;14.52986;10.83404
13.42447;14.52932;10.82802
13.41059;14.52866;10.82211
13.39603;14.52855;10.81635
13.36333;14.53142;10.8102
13.36333;14.53142;10.80452
13.34591;14.5319;10.79889
13.32971;14.533;10.78327
13.31348;14.53405;10.78327
13.29838;14.53515;10.78172
13.24557;14.53602;10.7786
13.22816;14.53634;10.7786
13.22816;14.53711;10.77683
13.19252;14.53706;10.77533
13.17292;14.53822;10.77406
13.15477;14.53955;10.77292
13.13654;14.54069;10.77248
13.11969;14.54288;10.77112
13.10233;14.54509;10.76958
13.08535;14.54687;10.76791
13.05371;14.54931;10.76673
13.03835;14.5517;10.76573
13.02408;14.55382;10.7646
13.0103;14.55633;10.76425
12.99953;14.55849;10.76437
12.986;14.5606;10.76479
12.97214;14.56248;10.76478
12.95762;14.56375;10.76525
12.9446;14.56525;10.76577
12.92977;14.5671;10.76629
12.91748;14.56875;10.7663
12.90355;14.57027;10.766
12.8904;14.57561;10.76568
12.87963;14.57561;10.76576
12.86804;14.57694;10.76823
12.85707;14.57884;10.76969
12.84956;14.57986;10.77103
12.83014;14.58108;10.77205
12.81845;14.58253;10.77264
12.809;14.58461;10.77336
12.7996;14.58657;10.77428
12.78902;14.58912;10.7758
12.76997;14.59201;10.77734
12.76025;14.59415;10.7786
12.76025;14.59685;10.77993
12.74876;14.60063;10.78148
12.73718;14.60369;10.78287
12.69992;14.60638;10.78412
12.69992;14.6108;10.78476
12.68612;14.61478;10.78622
12.67477;14.61745;10.78695
12.66354;14.62141;10.78818
12.65093;14.62682;10.78939
12.63941;14.6334;10.79028
12.62765;14.63965;10.79161
12.6148;14.64691;10.7934
12.60307;14.65443;10.80268
12.59192;14.66152;10.80586
12.58058;14.66911;10.80955
12.54432;14.67609;10.80955
12.54432;14.69433;10.81303
12.53317;14.69931;10.81849
12.52271;14.70426;10.81849
12.51328;14.70948;10.82185
12.50464;14.70948;10.82576
12.49699;14.71498;10.83021
12.48971;14.71576;10.83615
12.48369;14.71544;10.85272
12.47812;14.71544;10.86127
12.47104;14.7143;10.87063
12.4614;14.7143;10.88087
12.4614;14.71029;10.89229
12.45685;14.71029;10.90363
12.45325;14.7073;10.91794
12.45037;14.7073;10.93405
12.44731;14.70235;10.9521
12.44213;14.69849;10.97051
12.44213;14.69494;10.98907
12.4409;14.69494;11.00801
12.43999;14.68904;11.0411
12.43948;14.68384;11.0411
12.43979;14.68384;11.05635
12.44037;14.67055;11.07036
12.44133;14.66093;11.08425
12.44158;14.65121;11.13241
12.44158;14.64102;11.15228
12.44162;14.6306;11.17101
12.44285;14.61999;11.19045
12.44352;14.57895;11.19045
12.44352;14.57895;11.23567
12.44473;14.57895;11.25664
12.44572;14.56673;11.25664
12.4467;14.53897;11.28613
12.44751;14.52422;11.30559
12.44751;14.5098;11.32342
12.44816;14.49492;11.36047
12.44893;14.48012;11.36047
12.44981;14.46605;11.37846
12.45067;14.45251;11.39487
12.45217;14.43973;11.41315
12.45256;14.42925;11.43103
12.45293;14.41894;11.46293
12.45307;14.40907;11.46293
12.4534;14.39962;11.48016
12.45368;14.39116;11.49053
12.45368;14.3824;11.50714
12.45394;14.37388;11.52393
12.45428;14.36578;11.54707
12.45463;14.35866;11.54707
12.45499;14.35122;11.56434
12.45496;14.34281;11.58218
12.45496;14.33649;11.60008
12.45493;14.33092;11.61784
12.45498;14.32626;11.68772
12.45458;14.32218;11.70573
12.45458;14.31941;11.72249
12.45429;14.31559;11.72249
12.45374;14.30985;11.76026
12.45348;14.30793;11.76026
12.45339;14.30606;11.77742
12.4533;14.30395;11.79367
12.45312;14.30214;11.81295
12.45305;14.30214;11.83314
12.4529;14.30043;11.87429
12.45229;14.29879;11.87429
12.45245;14.29751;11.90003
12.45245;14.29653;11.92151
12.45244;14.29568;11.94367
12.45257;14.29525;11.96727
12.45233;14.29488;12.02049
12.45245;14.29406;12.02049
12.45245;14.29341;12.04742
12.4524;14.29341;12.07077
12.45257;14.29138;12.12264
12.45281;14.29089;12.12264
12.45335;14.29053;12.1489
12.45335;14.28922;12.20144
12.45348;14.28848;12.20144
12.45358;14.2874;12.2233
12.45317;14.28704;12.24591
12.4524;14.28659;12.26786
12.45005;14.28659;12.33687
12.45005;14.28631;12.36176
12.4495;14.28482;12.36176
12.44923;14.28277;12.38573
12.44938;14.28009;12.40735
12.4494;14.27703;12.4501
12.45007;14.2734;12.4501
12.45073;14.26806;12.47239
12.4512;14.26438;12.49583
12.4516;14.26079;12.52021
12.45184;14.25607;12.54489
12.4521;14.25607;12.59786
12.45169;14.25182;12.59786
12.45169;14.24365;12.62494
12.45132;14.24365;12.65341
12.45102;14.23954;12.68153
12.45027;14.22224;12.70984
12.45027;14.22224;12.76976
12.4501;14.21786;12.76976
12.44991;14.21482;12.79935
12.44977;14.21406;12.8243
12.44964;14.21147;12.84776
12.44985;14.20884;12.87206
12.44985;14.20564;12.9733
12.45006;14.20392;12.9733
12.4502;14.20231;12.99764
12.45037;14.19892;13.02273
12.4503;14.19892;13.0488
12.45029;14.19807;13.07448
12.45026;14.19799;13.10086
12.44997;14.19712;13.12479
12.44984;14.19653;13.15206
12.44984;14.19827;13.17966
12.44918;14.19878;13.20591
12.44895;14.19878;13.23553
12.44873;14.19916;13.26593
12.44834;14.19957;13.29673
12.44832;14.2005;13.32706
12.44828;14.20128;13.35768
12.44807;14.20174;13.23773
12.44862;14.20213;13.26399
12.44923;14.20656;13.289
12.45019;14.20767;13.36357
12.45164;14.20882;13.39022
12.45315;14.21274;13.43148
12.45517;14.22123;13.46015
12.45517;14.22266;13.48702
12.4607;14.2234;13.51232
12.46514;14.22278;13.53367
12.47099;14.22278;13.55697
12.4766;14.22334;13.58033
12.49045;14.22519;13.65389
12.49045;14.22544;13.65389
12.49398;14.2212;13.67791
12.4975;14.22126;13.70437
12.49916;14.22126;13.73106
12.50339;14.22126;13.75065
12.50816;14.21983;13.77643
12.5152;14.21983;13.80215
12.51968;14.2163;13.82046
12.51968;14.21358;13.84518
12.52915;14.21199;13.86856
12.5311;14.20987;13.88727
12.53311;14.20905;13.91012
12.53557;14.20812;13.93376
12.53856;14.20812;13.95057
12.54175;14.20557;13.97632
12.54542;14.20494;14.00166
12.54891;14.20461;14.0266
12.55154;14.20379;14.05002
12.55154;14.20312;14.07277
12.55473;14.2149;14.09392
12.55877;14.21616;14.11841
12.55973;14.21729;14.14337
12.56003;14.21908;14.16795
12.55967;14.21908;14.18756
12.55873;14.22112;14.21266
12.55728;14.22112;14.23887
12.55413;14.22318;14.26528
12.55283;14.22564;14.26528
12.55214;14.22738;14.37648
12.55157;14.23204;14.40172
12.55156;14.23427;14.40172
12.55198;14.23427;14.44633
12.55211;14.24361;14.47216
12.55183;14.24761;14.49586
12.55054;14.25011;14.52158
12.54924;14.25011;14.52158
12.54728;14.24594;14.54944
12.54362;14.24826;14.57596
12.52916;14.24826;14.6242
12.52303;14.25252;14.64684
12.5166;14.25531;14.66976
12.50464;14.25844;14.69173
12.50464;14.26993;14.71449
12.49961;14.27399;14.73699
12.49496;14.27399;14.7585
12.49086;14.27816;14.7799
12.48703;14.27816;14.80057
12.47795;14.28062;14.80057
12.47795;14.29719;14.8192
12.47665;14.30691;14.83994
12.47549;14.3165;14.88106
12.47478;14.33415;14.89948
12.47404;14.33415;14.91528
12.47328;14.34412;14.92838
12.47235;14.35493;14.9431
12.47225;14.36518;14.95856
12.47075;14.37418;15.00906
12.46916;14.38151;15.00906
12.4676;14.39605;15.02472
12.46653;14.39605;15.03791
12.46586;14.4051;15.0503
12.46573;14.41488;15.06385
12.46577;14.42539;15.07708
12.4662;14.4411;15.09088
12.46744;14.45101;15.1057
12.46744;14.46518;15.11946
12.46795;14.47414;15.13336
12.46801;14.48249;15.14763
12.46768;14.48984;15.16271
12.46701;14.50584;15.17797
12.46559;14.50719;15.19258
12.46559;14.50738;15.20663
12.46466;14.4976;15.22073
12.46387;14.49699;15.23587
12.4631;14.49708;15.25151
12.46245;14.49708;15.26806
12.46278;14.49585;15.28363
12.46278;14.49602;15.3013
12.46313;14.49638;15.31908
12.46341;14.49834;15.34129
12.46363;14.49547;15.35987
12.46359;14.49547;15.37745
12.46359;14.49158;15.39832
12.4635;14.49058;15.41463
12.4635;14.48764;15.43076
12.46356;14.48873;15.47806
12.46384;14.48505;15.47806
12.46382;14.48505;15.4975
12.46351;14.48716;15.51751
12.45575;14.4872;15.5366
12.455;14.4872;15.5476
12.45399;14.48831;15.5652
12.45341;14.4982;15.57894
12.45256;14.4982;15.59715
12.45235;14.50046;15.61623
12.45228;14.50118;15.63553
12.45162;14.50005;15.65565
12.45162;14.49858;15.67551
12.44911;14.49749;15.69534
12.44592;14.49966;15.72201
12.44409;14.49944;15.74107
12.4419;14.49888;15.75897
12.43942;14.50057;15.77635
12.43652;14.50039;15.79173
12.43342;14.50016;15.80622
12.43009;14.50131;15.8187
12.42654;14.50057;15.83237
12.42295;14.49905;15.84606
12.41946;14.49759;15.88876
12.41573;14.4955;15.88876
12.40799;14.49278;15.90056
12.40799;14.48937;15.91105
12.40334;14.48158;15.93398
12.3982;14.48158;15.93398
12.39249;14.4755;15.94428
12.38654;14.4687;15.95654
12.38014;14.4611;15.96418
12.37418;14.45189;15.97164
12.3673;14.44431;15.9869
12.36023;14.43525;15.9869
12.35221;14.42743;15.99627
12.33489;14.41956;16.00714
12.33489;14.4111;16.01779
12.32352;14.40332;16.02963
12.31289;14.39598;16.04231
12.30139;14.38831;16.07368
12.26467;14.38158;16.07368
12.26467;14.37533;16.09193
12.25933;14.37073;16.11088
12.24697;14.36489;16.12967
12.23417;14.35933;16.14816
12.22247;14.35652;16.22631
12.21008;14.35078;16.22631
12.19792;14.34543;16.24434
12.18589;14.34508;16.26395
12.17345;14.34132;16.30027
12.16019;14.3386;16.30027
12.14883;14.33676;16.32252
12.13627;14.33715;16.34464
12.12368;14.33581;16.36895
12.11177;14.33709;16.39518
12.09887;14.33584;16.44808
12.08606;14.33501;16.44808
12.06321;14.3389;16.47323
12.05199;14.33914;16.49923
12.04303;14.33946;16.52637
12.04303;14.34268;16.55286
12.03133;14.34321;16.60878
12.00705;14.34381;16.60878
11.99556;14.34409;16.63639
11.98396;14.34862;16.66667
11.97229;14.34824;16.69809
11.96267;14.3477;16.72662
11.94922;14.34897;16.79035
11.93501;14.34831;16.79035
11.90777;14.34758;16.82334
11.89491;14.34853;16.85395
11.87831;14.34723;16.88088
11.86122;14.34547;16.90197
11.84338;14.34282;16.96982
11.82957;14.34053;16.99632
11.80897;14.3382;16.99632
11.78784;14.3363;17.02471
11.77082;14.33449;17.05318
11.75187;14.33249;17.1071
11.73591;14.32991;17.1071
11.7248;14.3269;17.12914
11.70982;14.32307;17.15717
11.69948;13.70763;17.1862
11.68578;13.70053;17.21334
11.67242;13.83306;17.24292
11.66202;13.82424;17.27248
11.63518;13.81553;17.29955
11.63518;13.80523;17.32942
11.62281;13.79542;17.3601
11.60887;13.7843;17.39393
11.5957;13.7771;17.4232
11.58545;13.76444;17.44989
11.57352;13.75207;17.4782
11.56224;13.7352;17.50508
11.55376;13.72277;17.53382
11.54376;13.70996;17.56837
11.53395;13.69838;17.59712
11.52614;13.68712;17.62439
11.51672;13.67675;17.6501
11.50744;13.67088;17.67781
11.50009;13.66093;17.70646
11.48828;13.65165;17.8006
11.47499;13.64446;17.83228
11.43331;13.63657;17.83228
11.43331;13.62926;17.86615
11.41932;13.61271;17.90075
11.41932;13.60397;17.97166
11.38813;13.59408;17.97166
11.37323;13.58329;18.00331
11.35946;13.57423;18.03471
11.34545;13.57423;18.06021
11.33225;13.55257;18.08468
11.31791;13.55257;18.13683
11.30395;13.53849;18.13683
11.2905;13.52945;18.16153
11.26507;13.52054;18.18401
11.26507;13.51074;18.20915
11.25528;13.49214;18.23352
11.24527;13.49214;18.27497
11.23561;13.46927;18.27497
11.22598;13.4594;18.29968
11.20887;13.44925;18.32339
11.20887;13.43873;18.34841
11.20198;13.41617;18.3735
11.19528;13.40406;18.42536
11.18875;13.40406;18.42536
11.18156;13.38445;18.45417
11.17504;13.37169;18.48553
11.16891;13.35809;18.51349
11.16046;13.3308;18.53737
11.15368;13.3308;18.63955
11.14732;13.31254;18.63955
11.13198;13.29697;18.66978
11.13198;13.26554;18.69729
11.12716;13.26554;18.72107
11.12118;13.22866;18.75256
11.11466;13.2116;18.77485
11.10712;13.2116;18.80452
11.09092;13.19377;18.827
11.09092;13.17693;18.85043
11.08225;13.15791;18.88344
11.07437;13.12357;18.90692
11.06724;13.12357;18.93078
11.05522;13.10601;18.95635
11.049;13.09093;18.9806
11.049;13.0761;19.00252
11.03638;13.05973;19.02165
11.03638;13.00353;19.04229
11.02419;13.00353;19.05795
11.01957;12.99143;19.07046
11.01581;12.98095;19.08655
11.01238;12.96995;19.08655
11.00936;12.95849;19.12845
11.0064;12.94641;19.17651
11.00311;12.93492;19.19025
11.00065;12.92359;19.19025
10.99887;12.91314;19.20545
10.99887;12.90233;19.22433
10.99654;12.89191;19.26362
10.99532;12.88139;19.26362
10.99532;12.87235;19.28512
10.99024;12.86227;19.30402
10.98978;12.85289;19.32246
10.98983;12.84125;19.35964
10.9902;12.82851;19.35964
10.9902;12.80307;19.37839
10.98706;12.79156;19.39628
10.9858;12.78067;19.41566
10.98208;12.76615;19.43417
10.97912;12.75548;19.47142
10.97559;12.74438;19.47142
10.97102;12.7427;19.48891
10.95668;12.72933;19.50894
10.95668;12.71609;19.5293
10.95178;12.7047;19.54869
10.94755;12.69418;19.56775
10.94251;12.68355;19.60368
10.93464;12.67136;19.60368
10.93464;12.65821;19.62225
10.92822;12.64382;19.64031
10.92185;12.63118;19.65845
10.91541;12.61612;19.73489
10.90845;12.60163;19.73489
10.89665;12.58758;19.75536
10.89665;12.57363;19.77649
10.89125;12.56035;19.82081
10.8862;12.54877;19.82081
10.88118;12.51883;19.84077
10.87615;12.50959;19.85876
10.86763;12.49955;19.875
10.86427;12.48847;19.90529
10.86101;12.48847;19.92076
10.85745;12.46085;19.92076
10.85447;12.46085;19.93621
10.8507;12.44249;19.95444
10.84755;12.4297;19.96959
10.84648;12.41734;19.98524
10.84475;12.4054;20.01242
10.84388;12.38457;20.01242
10.84426;12.38457;20.02657
10.84581;12.37472;20.0442
10.84664;12.36575;20.05907
10.84786;12.34569;20.0732
10.85092;12.34569;20.12382
10.85266;12.32429;20.12382
10.85422;12.32429;20.13519
10.85553;12.3062;20.14677
10.85725;12.29183;20.17024
10.8583;12.2586;20.17024
10.85939;12.23789;20.18513
10.8593;12.23789;20.19611
10.8579;12.22304;20.20762
10.85602;12.20748;20.22005
10.85131;12.19332;20.246
10.85131;12.17897;20.246
10.84913;12.16324;20.25998
10.84669;12.13496;20.27045
10.84429;12.13496;20.27673
10.84172;12.12033;20.282
10.83568;12.09234;20.29172
10.83568;12.09234;20.29172
10.83286;12.04207;20.29733
10.83015;12.03524;20.3013
10.82602;12.03524;20.30518
10.82376;12.03111;20.30916
10.82376;12.02946;20.32595
10.82122;12.02946;20.32875
10.81686;12.02911;20.32875
10.81686;12.03079;20.33414
10.81367;12.0321;20.33414
10.81365;12.03476;20.34268
10.81365;12.04261;20.34655
10.81324;12.04735;20.34655
10.81319;12.05192;20.35005
10.81347;12.05811;20.35294
10.81558;12.06149;20.35542
10.81718;12.06149;20.35894
10.81718;12.06731;20.36159
10.81979;12.06911;20.36378
10.82206;12.07125;20.3659
10.82792;12.07213;20.36732
10.82792;12.07273;20.36887
10.82819;12.07311;20.37009
10.82761;12.07748;20.3711
10.82683;12.07943;20.37192
10.82627;12.07943;20.37242
10.82599;12.08457;20.37134
10.82635;12.08457;20.37132
10.8269;12.08687;20.37132
10.82769;12.08904;20.37138
10.82828;12.09126;20.37151
10.82875;12.09304;20.37169
10.829;12.09715;20.37379
10.8292;12.09715;20.37557
10.82925;12.09918;20.37634
10.8292;12.10119;20.377
10.82898;12.10331;20.377
10.8286;12.10543;20.3773
10.8286;12.10845;20.37852
10.8293;12.10845;20.37955
10.82985;12.10946;20.37955
10.83011;12.11095;20.38013
10.82992;12.11239;20.38064
10.8289;12.11327;20.38226
10.8289;12.11607;20.38226
10.82897;12.11607;20.38335
10.8294;12.11692;20.38472
10.83021;12.11806;20.38602
10.83115;12.11913;20.38811
10.83231;12.11983;20.38811
10.8341;12.12245;20.38916
10.83539;12.12301;20.39013
10.83646;12.12369;20.39111
10.83719;12.1242;20.392
10.83772;12.12462;20.39285
10.83777;12.12487;20.39424
10.83777;12.12494;20.39424
10.83757;12.12454;20.39408
10.8375;12.12372;20.3936
10.83782;12.12228;20.39264
10.83782;12.12029;20.39124
10.83833;12.1177;20.38927
10.83891;12.11456;20.38683
10.8409;12.11082;20.38558
10.8409;12.10639;20.38504
10.84189;12.10639;20.38558
10.84404;12.09478;20.38558
10.84444;12.08717;20.38639
10.84444;12.07743;20.38738
10.84495;12.06707;20.38856
10.8479;12.05627;20.39007
10.8479;12.01574;20.39214
10.85133;12.01574;20.39416
10.85685;12.00395;20.39622
10.8636;11.99155;20.39848
10.87081;11.98096;20.40025
10.88715;11.97051;20.40167
10.88947;11.96077;20.40477
10.88947;11.95209;20.40586
10.88979;11.94338;20.40685
10.8893;11.93459;20.40758
10.88861;11.927;20.40853
10.88858;11.92102;20.4096
10.88858;11.91646;20.41158
10.88921;11.90977;20.41158
10.89002;11.90491;20.41909
10.89091;11.90133;20.4238
10.89192;11.89909;20.42765
10.89377;11.89652;20.43222
10.89593;11.89396;20.43222
10.89593;11.8901;20.43954
10.89972;11.88709;20.44627
10.90526;11.88531;20.45317
10.91337;11.88126;20.45317
10.91337;11.8757;20.47186
10.91562;11.8757;20.48373
10.9141;11.86177;20.4972
10.90345;11.86177;20.51268
10.88104;11.84955;20.52723
10.88104;11.84441;20.54452
10.87412;11.83876;20.56107
10.86868;11.833;20.57693
10.86512;11.82794;20.59159
10.86241;11.82282;20.60428
10.86016;11.81816;20.61527
10.85778;11.79898;20.63981
10.85448;11.79148;20.63981
10.8511;11.79148;20.6472
10.84973;11.78401;20.65568
10.84729;11.7678;20.66324
10.84629;11.7678;20.66925
10.84377;11.76024;20.6752
10.83912;11.75014;20.68083
10.83252;11.74047;20.68422
10.82451;11.72969;20.69086
10.81837;11.7176;20.69853
10.81262;11.69481;20.70551
10.80859;11.69481;20.71624
10.80529;11.68265;20.72853
10.80218;11.67173;20.74415
10.79646;11.66114;20.75561
10.7956;11.65205;20.76647
10.7956;11.63405;20.76647
10.79502;11.63405;20.79273
10.79208;11.6281;20.8072
10.79208;11.62035;20.82455
10.78961;11.61206;20.84149
10.78737;11.60353;20.84149
10.78577;11.58389;20.87819
10.78434;11.57587;20.89692
10.77959;11.56794;20.91658
10.77855;11.56082;20.93907
10.77855;11.55359;20.96031
10.77769;11.54702;20.96031
10.77926;11.54101;21.05801
10.78296;11.5358;21.0779
10.78296;11.53084;21.09588
10.78868;11.52583;21.09588
10.7971;11.52181;21.13627
10.80684;11.51839;21.15905
10.81801;11.51562;21.18391
10.83055;11.51173;21.21011
10.87344;11.50778;21.23597
10.88973;11.50362;21.26077
10.9068;11.49823;21.28553
10.94297;11.49247;21.30878
10.94297;11.48659;21.30878
10.96147;11.48161;21.35333
10.98;11.47626;21.37819
10.99895;11.47077;21.40409
11.01753;11.4645;21.43045
11.03528;11.45818;21.45695
11.06858;11.45166;21.48291
11.08464;11.44321;21.50804
11.09981;11.43596;21.53352
11.11494;11.42724;21.55831
11.13043;11.41903;21.58042
11.14926;11.39207;21.59921
11.17061;11.38455;21.61634
11.19602;11.38455;21.74339
11.21827;11.37644;21.76207
11.23745;11.35931;21.76207
11.252;11.35931;21.8721
11.26873;11.35108;21.8721
11.27712;11.34412;21.88631
11.27712;11.33813;21.9016
11.28713;11.33144;21.91831
11.29803;11.32052;21.93443
11.3179;11.32052;21.95231
11.3179;11.31815;21.97068
11.3284;11.31331;21.98904
11.33304;11.30945;22.00947
11.34871;11.3076;22.03144
11.34871;11.30147;22.05555
11.36908;11.30147;22.0752
11.36908;11.30043;22.09195
11.38063;11.29774;22.10467
11.38063;11.29536;22.11935
11.39546;11.28879;22.13432
11.40582;11.28879;22.14954
11.41304;11.28526;22.16433
11.4199;11.28292;22.17844
11.42754;11.27951;22.191
11.43373;11.27689;22.191
11.43995;11.27486;22.2115
11.44731;11.26788;22.22002
11.4532;11.26318;22.22851
11.45852;11.25749;22.23823
11.46374;11.25019;22.25131
11.46712;11.25019;22.26397
11.47243;11.23732;22.27675
11.47721;11.23092;22.3204
11.48263;11.22361;22.3204
11.48299;11.21814;22.32907
11.48648;11.21124;22.33802
11.4897;11.20703;22.34716
11.49171;11.20288;22.35745
11.49424;11.19827;22.36418
11.49657;11.191;22.37005
11.49872;11.191;22.3732
11.50123;11.17854;22.37416
11.50381;11.16973;22.37373
11.50841;11.16225;22.37405
11.51136;11.155;22.37905
11.51136;11.15168;22.38045
11.51515;11.15058;22.38148
11.51877;11.14958;22.38295
11.52594;11.1444;22.38503
11.52876;11.14203;22.38892
11.52876;11.1395;22.39429
11.53112;11.1322;22.40156
11.53321;11.12957;22.4096
11.53525;11.12957;22.42115
11.53804;11.11902;22.43201
11.5432;11.11636;22.4428
11.5432;11.11636;22.45383
11.54603;11.11348;22.46541
11.54917;11.11112;22.47692
11.55245;11.11112;22.4873
11.55587;11.10876;22.52111
11.56972;11.10859;22.52111
11.57522;11.10745;22.52839
11.57522;11.106;22.5352
11.58145;11.10701;22.54147
11.58829;11.10496;22.54147
11.60603;11.10299;22.55291
11.60603;11.10076;22.56018
11.61721;11.09855;22.56746
11.62758;11.09644;22.57395
11.63814;11.09192;22.5803
11.65037;11.09192;22.58671
11.68928;11.08893;22.59334
11.68928;11.08722;22.60012
11.70371;11.08441;22.60546
11.71844;11.08169;22.61049
11.73347;11.0771;22.61679
11.74859;11.07023;22.6221
11.76546;11.07023;22.62795
11.78359;11.06648;22.63503
11.79998;11.06306;22.64063
11.81881;11.05925;22.6459
11.83826;11.05459;22.65242
11.87686;11.04927;22.65992
11.89598;11.0237;22.6679
11.91491;11.01733;22.67612
11.91491;11.01123;22.68345
11.93358;11.0059;22.68997
11.97155;11.0059;22.69421
11.9905;10.99721;22.71406
12.00878;10.99344;22.72399
12.03004;10.98831;22.73403
12.04504;10.98478;22.74324
12.0594;10.98156;22.75264
12.07417;10.9787;22.76118
12.08939;10.97517;22.77122
12.10513;10.97154;22.78048
12.12082;10.9648;22.78916
12.13823;10.96086;22.79361
12.15645;10.95698;22.8009
12.19501;10.95308;22.80762
12.19501;10.94728;22.80405
12.21629;10.94441;22.81001
12.23742;10.94188;22.81613
12.25916;10.93104;22.82677
12.2845;10.92991;22.83323
12.33084;10.929;22.83992
12.33084;10.92484;22.85417
12.35386;10.92154;22.86368
12.3734;10.91807;22.87436
12.39318;10.91492;22.8928
12.41292;10.91231;22.90391
12.47499;10.90753;22.91254
12.47499;10.90529;22.92265
12.49305;10.90243;22.92788
12.51158;10.89986;22.93221
12.5291;10.89986;22.93728
12.54128;10.89498;22.96163
12.56011;10.89328;22.96995
12.56011;10.89241;22.97826
12.59342;10.8907;22.9828
12.61386;10.88793;22.99087
12.6341;10.88793;22.99867
12.64932;10.87969;23.00232
12.66949;10.87969;23.00906
12.68988;10.87199;23.01554
12.70751;10.85124;23.02105
12.7293;10.84608;23.02815
12.75193;10.84176;23.0353
12.79404;10.83836;23.03658
12.79404;10.83644;23.04072
12.81204;10.83539;23.04261
12.82935;10.83466;23.0479
12.84564;10.83373;23.05451
12.88489;10.83302;23.06164
12.88489;10.83164;23.06876
12.90366;10.83137;23.07408
12.92998;10.82959;23.07862
12.94877;10.82737;23.07997
12.96636;10.82493;23.0832
12.98739;10.82272;23.08556
13.02342;10.82139;23.0864
13.02342;10.82051;23.0891
13.04464;10.82027;23.09259
13.06482;10.82052;23.1048
13.08568;10.82118;23.1048
13.10421;10.82173;23.1115
13.16593;10.82499;23.11664
13.16593;10.82886;23.12135
13.18545;10.83164;23.12135
13.20523;10.83535;23.11763
13.22586;10.83768;23.11435
13.26639;10.8387;23.10653
13.26639;10.83867;23.0989
13.28392;10.83797;23.09002
13.30242;10.83692;23.07857
13.32106;10.83607;23.07857
13.33571;10.83607;23.07312
13.39352;10.83455;23.06951
13.39352;10.8325;23.06648
13.41288;10.82966;23.06574
13.43068;10.82741;23.06574
13.44726;10.82553;23.06527
13.4619;10.82272;23.06649
13.47917;10.82272;23.06603
13.492;10.82188;23.06577
13.50999;10.82124;23.05683
13.52861;10.82094;23.05683
13.54407;10.82037;23.05543
13.56541;10.81948;23.04512
13.5877;10.81948;23.04375
13.61077;10.81976;23.04399
13.63153;10.81952;23.04583
13.65302;10.81884;23.04673
13.67298;10.81824;23.05102
13.70765;10.82012;23.05424
13.72488;10.82012;23.05597
13.73936;10.82093;23.05656
13.75395;10.82139;23.05701
13.76763;10.82235;23.05674
13.78318;10.82326;23.05648
13.80053;10.82408;23.05613
13.81824;10.82503;23.05615
13.8384;10.82553;23.05921
13.85932;10.82597;23.06
13.88055;10.82573;23.06197
13.92763;10.82521;23.06324
13.95334;10.82478;23.06454
13.97756;10.82539;23.06796
14.00198;10.82693;23.06848
14.02693;10.8292;23.06756
14.05018;10.83531;23.06719
14.0734;10.83531;23.06592
14.0964;10.83767;23.06444
14.12062;10.83917;23.06229
14.14515;10.83922;23.06356
14.16648;10.8328;23.06012
14.18919;10.82942;23.05774
14.21121;10.82572;23.05395
14.23388;10.82135;23.05153
14.25581;10.81643;23.0502
14.28091;10.79285;23.04966
14.30299;10.79285;23.03982
14.32538;10.78638;23.03572
14.34522;10.78039;23.03172
14.36326;10.772;23.02635
14.38155;10.772;23.02635
14.40142;10.76976;23.02155
14.41895;10.76655;23.01985
14.46553;10.76355;23.01709
14.46553;10.76314;23.01463
14.48455;10.75749;23.01816
14.50805;10.75749;23.01816
14.53055;10.75511;23.01763
14.57405;10.75644;23.02036
14.57405;10.75614;23.02148
14.59183;10.76036;23.0228
14.60474;10.76368;23.02385
14.61663;10.76861;23.02541
14.628;10.77609;23.02616
14.64349;10.78346;23.02616
14.65643;10.79197;23.02754
14.66973;10.80101;23.0284
14.67814;10.84613;23.03286
14.6895;10.85933;23.03286
14.69972;10.85933;23.03653
14.70166;10.87094;23.0382
14.72892;10.89693;23.04085
14.72892;10.90995;23.04308
14.73711;10.92228;23.04114
14.74452;10.93602;23.04021
14.75164;10.95012;23.04021
14.75317;10.96429;23.03752
14.75966;10.97715;23.03486
14.76546;10.98927;23.03175
14.76726;11.0001;23.0268
14.7726;11.01096;23.0268
14.77707;11.02079;23.02248
14.78629;11.02927;23.01969
14.78629;11.03829;23.01781
14.78881;11.04687;23.01182
14.79202;11.05458;23.00976
14.79481;11.06258;23.00976
14.80219;11.07032;23.0041
14.80467;11.07658;23.00038
14.80728;11.08379;22.99593
14.80903;11.09092;22.99154
14.81203;11.09747;22.97533
14.81493;11.10453;22.97533
14.82174;11.11132;22.96886
14.82795;11.11701;22.96354
14.82795;11.13258;22.95921
14.83264;11.13666;22.95537
14.83542;11.13933;22.95171
14.83799;11.14174;22.95171
14.84047;11.14386;22.94958
14.8441;11.14594;22.94991
14.84515;11.14773;22.94922
14.84515;11.14932;22.94688
14.84592;11.15099;22.9378
14.84756;11.15263;22.93498
14.84813;11.15314;22.93498
14.84851;11.15207;22.9323
14.84733;11.15058;22.9323
14.84731;11.14875;22.93537
14.84699;11.14702;22.93537
14.84528;11.14688;22.93542
14.84528;11.14632;22.93397
14.84399;11.14684;22.93146
14.84546;11.1473;22.92789
14.84672;11.14762;22.92171
14.84785;11.14955;22.92171
14.84785;11.14971;22.91353
14.84927;11.14921;22.91353
14.85081;11.14885;22.90862
14.85163;11.15081;22.89655
14.85225;11.15142;22.89036
14.85292;11.15208;22.88525
14.85454;11.15319;22.88525
14.85454;11.15389;22.87743
14.85499;11.15389;22.87084
14.85611;11.1552;22.86478
14.85722;11.15554;22.86478
14.8616;11.15547;22.85698
14.8616;11.15911;22.84966
14.86402;11.15942;22.84182
14.86655;11.15963;22.82258
14.86967;11.15967;22.80809
14.87362;11.15961;22.80809
14.87802;11.15952;22.80528
14.8832;11.1588;22.80306
14.88984;11.15783;22.80192
14.89665;11.15783;22.8018
14.90375;11.15513;22.80271
14.91132;11.15404;22.80145
14.92586;11.15404;22.80097
14.92586;11.1536;22.80011
14.93389;11.15414;22.7997
14.94385;11.15434;22.79729
14.9547;11.15493;22.79729
14.97905;11.15463;22.79803
14.97905;11.15463;22.79893
14.99283;11.15456;22.8003
15.01062;11.1543;22.80386
15.02893;11.15482;22.80386
15.04798;11.15582;22.80549
15.08879;11.15582;22.80817
15.08879;11.15708;22.80916
15.10996;11.15826;22.8092
15.13129;11.15843;22.80944
15.15426;11.16004;22.80944
15.17779;11.16004;22.80865
15.20378;11.16082;22.8067
15.27336;11.16185;22.80646
15.2925;11.16299;22.80574
15.2925;11.16359;22.80231
15.31052;11.16517;22.80231
15.32684;11.16714;22.80126
15.36275;11.1687;22.79973
15.36275;11.17162;22.79708
15.38287;11.17419;22.78948
15.40097;11.17577;22.78948
15.41804;11.17364;22.78684
15.43656;11.17364;22.78429
15.48792;11.17249;22.78323
15.48792;11.1712;22.78933
15.50799;11.17076;22.78933
15.52891;11.17069;22.79231
15.5495;11.17139;22.79487
15.57101;11.17187;22.79645
15.59163;11.17243;22.79832
15.61008;11.1732;22.8018
15.6294;11.17344;22.8018
15.6449;11.17342;22.80257
15.66067;11.17221;22.80188
15.67403;11.17172;22.80247
15.6854;11.17099;22.80291
15.69473;11.16992;22.80408
15.70238;11.16993;22.80539
15.70854;11.17052;22.80695
15.72014;11.17155;22.80957
15.74128;11.17021;22.81241
15.74128;11.16912;22.81447
15.74568;11.16792;22.81664
15.75053;11.16883;22.81794
15.77577;11.16863;22.8171
15.77577;11.16836;22.81417
15.78725;11.16781;22.80808
15.79815;11.16763;22.79899
15.8103;11.16756;22.78965
15.82415;11.16756;22.77965
15.83773;11.16677;22.77162
15.87321;11.16677;22.7617
15.88707;11.16615;22.75154
15.88707;11.16615;22.73849
15.91258;11.16661;22.72849
15.92649;11.16581;22.71284
15.94036;11.16574;22.70285
15.95642;11.16574;22.69262
15.95642;11.16499;22.68139
15.98485;11.16457;23.22654
16.00385;11.16412;23.21318
16.01655;11.16338;23.19887
16.01655;11.16338;23.12393
16.04012;11.16322;23.1099
16.05062;11.16294;23.09556
16.06049;11.16307;23.08331
16.07315;11.16335;23.07456
16.09537;11.16286;23.07456
16.10872;11.16306;23.06575
16.10872;11.1636;23.03565
16.12208;11.16464;23.03565
16.14932;11.16464;23.02838
16.16171;11.1656;23.02934
16.17401;11.16763;23.02419
16.18773;11.17257;23.01875
16.20009;11.17553;23.0121
16.21306;11.17553;22.9965
16.25368;11.17915;22.9965
16.25368;11.18283;22.98837
16.26197;11.18662;22.97983
16.27227;11.19027;22.97103
16.28109;11.18823;22.95515
16.28876;11.18823;22.95515
16.296;11.18524;22.94563
16.30335;11.17998;22.93685
16.3091;11.17324;22.93203
16.31402;11.15456;22.92641
16.31774;11.15456;22.91996
16.32133;11.10735;22.91996
16.32718;11.10735;22.91142
16.32718;11.09587;22.90163
16.3294;11.06986;22.89191
16.33195;11.06986;22.87988
16.33703;11.05741;22.84605
16.3399;11.04339;22.84605
16.35032;11.02962;22.83948
16.35032;11.01669;22.82521
16.35257;11.00371;22.81081
16.3543;10.98216;22.79808
16.35658;10.98216;22.78336
16.35879;10.97493;22.76746
16.35879;10.96799;22.78094
16.36086;10.96291;22.7623
16.36193;10.96069;22.74598
16.36258;10.95922;22.73841
16.36339;10.95968;22.71976
16.36414;10.9605;22.70069
16.36414;10.96192;22.69185
16.36411;10.96416;22.6736
16.3641;10.97784;22.65635
16.3645;10.98305;22.63884
16.36493;10.98305;22.6223
16.36573;10.98916;22.60788
16.36568;10.99547;22.59491
16.36535;11.00887;22.58353
16.36621;11.01576;22.57275
16.36353;11.01576;22.55847
16.36353;11.02279;22.54618
16.3609;11.03941;22.53392
16.35923;11.04933;22.51935
16.35747;11.06107;22.5037
16.35383;11.06107;22.48738
16.34857;11.07396;22.48738
16.34857;11.08776;22.4544
16.34512;11.10168;22.43956
16.34306;11.11557;22.42224
16.34094;11.14168;22.4045
16.33894;11.14168;22.39281
16.33709;11.15329;22.34531
16.33605;11.16284;22.34531
16.33472;11.17033;22.32572
16.33356;11.17774;22.30421
16.3319;11.19996;22.28342
16.33099;11.20291;22.26106
16.33003;11.20291;22.23983
16.33003;11.20639;22.22376
16.32693;11.20762;22.20472
16.32693;11.20762;22.18363
16.32599;11.20899;22.17097
16.32494;11.20957;22.15236
16.32494;11.21048;22.13013
16.32424;11.21263;22.11743
16.32428;11.21216;22.09543
16.32451;11.21216;22.07307
16.32548;11.21175;22.05616
16.32548;11.20907;22.03462
16.32768;11.20536;22.01529
16.32768;11.20229;21.99819
16.33088;11.19284;21.98182
16.33282;11.19284;21.98182
16.33912;11.18733;21.94647
16.34271;11.18206;21.92949
16.34853;11.17351;21.91318
16.34853;11.16444;21.89832
16.35386;11.132;21.8868
16.36702;11.12031;21.87273
16.36702;11.12031;21.80662
16.37438;11.10902;21.78999
16.39153;11.09786;21.77423
16.40004;11.07715;21.75899
16.4088;11.07715;21.74127
16.42625;11.06784;21.72556
16.43556;11.05972;21.72556
16.43556;11.0523;21.70827
16.44543;11.04498;21.69134
16.45524;11.0315;21.67453
16.47599;11.0315;21.6607
16.48666;11.02504;21.63362
16.48666;11.02095;21.62282
16.50877;11.01639;21.60717
16.50877;11.00727;21.60717
16.52992;10.99285;21.57452
16.52992;10.99285;21.56507
16.54986;10.9834;21.5514
16.55848;10.97557;21.5514
16.56462;10.96732;21.54487
16.57093;10.95766;21.53055
16.57093;10.92182;21.51599
16.58522;10.92182;21.46751
16.59209;10.91292;21.45239
16.59209;10.90458;21.43632
16.59756;10.89672;21.41949
16.60387;10.88381;21.39417
16.60603;10.88381;21.39417
16.60807;10.87783;21.37821
16.60807;10.87325;21.36315
16.61463;10.87287;21.34822
16.61954;10.87119;21.33581
16.61954;10.8714;21.31364
16.62743;10.8714;21.29907
16.63046;10.87164;21.28343
16.63046;10.87795;21.2816
16.63727;10.88805;21.2816
16.64017;10.89744;21.25947
16.64321;10.90814;21.25662
16.6455;10.92053;21.24452
16.64915;10.93347;21.24452
16.64915;10.94909;21.22202
16.6554;10.96726;21.22202
16.6554;10.98806;21.20798
16.66002;11.0659;21.18192
16.67573;11.09408;21.18192
16.67573;11.12476;21.16828
16.68417;11.12476;21.15753
16.692;11.17964;21.14327
16.70019;11.17964;21.11409
16.71;11.20577;21.10457
16.71891;11.23199;21.10457
16.72811;11.27682;21.0947
16.73799;11.27682;21.08212
16.74753;11.3145;21.08212
16.75737;11.3145;21.07149
16.76766;11.33397;21.04221
16.80081;11.35105;21.03215
16.80081;11.36811;21.03215
16.81535;11.3901;21.02153
16.82982;11.42541;20.99817
16.84482;11.42541;20.98597
16.85882;11.44592;20.98597
16.87277;11.46363;20.97445
16.88723;11.48156;20.96616
16.90151;11.50382;20.95394
16.91522;11.53933;20.92521
16.9284;11.53933;20.90894
16.94138;11.56024;20.90894
16.95427;11.57752;20.8925
16.96358;11.59454;20.8748
16.97565;11.62792;20.85828
16.98703;11.62792;20.84359
16.9948;11.64246;20.81825
17.02992;11.65332;20.81825
17.02992;11.67134;20.8068
17.04245;11.69195;20.79275
17.05496;11.70552;20.78071
17.06836;11.74814;20.75845
17.08049;11.74814;20.74522
17.0925;11.75833;20.74522
17.10393;11.77565;20.73212
17.11607;11.79366;20.71716
17.12827;11.8052;20.7019
17.14071;11.85196;20.68549
17.16659;11.86963;20.66771
17.17863;11.86963;20.58501
17.17863;11.88808;20.58501
17.19014;11.92197;20.56978
17.20134;11.92197;20.55287
17.22402;11.9417;20.5385
17.22402;11.96487;20.52515
17.23689;11.98493;20.50673
17.25101;12.0037;20.49004
17.27866;12.04093;20.46989
17.29275;12.04093;20.44771
17.30738;12.05866;20.42302
17.30738;12.07859;20.39763
17.32082;12.09773;20.37151
17.33289;12.11939;20.34887
17.34721;12.14238;20.32832
17.36178;12.18519;20.31435
17.39951;12.18519;20.29321
17.39951;12.19754;20.26947
17.41218;12.21657;20.24945
17.42691;12.23671;20.22122
17.44289;12.25858;20.1937
17.4607;12.30252;20.16924
17.47922;12.30252;20.14301
17.49906;12.32041;20.11444
17.51985;12.34177;20.08764
17.54221;12.36318;20.06111
17.56526;12.38188;20.03646
17.58922;12.44064;19.96004
17.61265;12.46194;19.86464
17.63619;12.46194;19.8293
17.66298;12.48312;19.79986
17.68714;12.49994;19.76929
17.71129;12.54066;19.76929
17.73569;12.54066;19.73054
17.75874;12.55727;19.69799
17.78046;12.57681;19.66415
17.80083;12.59642;19.5891
17.82101;12.6349;19.5891
17.8404;12.6349;19.55124
17.86042;12.65518;19.51704
17.89623;12.67481;19.48288
17.90925;12.69275;19.44882
17.90925;12.71011;19.37014
17.92522;12.72632;19.37014
17.94056;12.76307;19.32778
17.97216;12.76307;19.28433
17.97216;12.77993;19.23964
17.98921;12.79961;19.19677
18.00637;12.81985;19.04242
18.02646;12.8419;19.04242
18.04925;12.93022;19.04242
18.09075;12.93022;19.00539
18.09075;12.97345;18.9671
18.12065;12.98982;18.89446
18.14171;13.0043;18.89446
18.1858;13.0043;18.86296
18.21642;13.02266;18.82143
18.25869;13.03776;18.78077
18.25869;13.05455;18.74839
18.28356;13.10525;18.68242
18.30367;13.10525;18.68242
18.32323;13.12542;18.65315
18.34274;13.15057;18.62264
18.36203;13.1674;18.59243
18.38152;13.18483;18.5622
18.40127;13.22138;18.50295
18.42073;13.22138;18.50295
18.43987;13.24211;18.47519
18.46043;13.26071;18.44175
18.49897;13.28079;18.40616
18.51856;13.32212;18.369
18.53844;13.36515;18.28516
18.55869;13.38681;18.28516
18.55869;13.409;18.23917
18.60127;13.43209;18.19069
18.62423;13.45427;18.14103
18.64796;13.47372;18.10925
18.67222;13.49195;17.94909
18.67222;13.51723;17.91385
18.71663;13.53686;17.88019
18.74055;13.55735;17.84674
18.78849;13.58071;17.81738
18.81169;13.60156;17.78486
18.83123;13.62056;17.7496
18.84973;13.63748;17.7172
18.86513;13.65297;17.68445
18.87752;13.66935;17.65141
18.90178;13.68736;17.57846
18.91288;13.70525;17.57846
18.9244;13.72232;17.5333
18.9244;13.74256;17.50069
18.96629;13.75882;17.46985
18.97847;13.77582;17.44583
19.00113;13.79379;17.39649
19.01347;13.85441;17.39649
19.02603;13.87462;17.36748
19.03929;13.87462;17.34366
19.06711;13.89415;17.32038
19.08308;13.93299;17.29631
19.08308;13.93299;17.18949
19.11597;13.9513;17.18949
19.11597;13.97167;17.13859
19.14813;13.98967;17.10974
19.16457;14.00793;17.10974
19.18064;14.02965;17.08073
19.19739;14.06869;17.06476
19.21332;14.06869;17.03679
19.2265;14.08912;17.01424
19.25381;14.10948;16.96213
19.26715;14.12973;16.96213
19.28111;14.1695;16.93583
19.28111;14.1695;16.9106
19.31216;14.18869;16.8863
19.32684;14.20881;16.84829
19.32684;14.22658;16.84829
19.35287;14.24249;16.80178
19.36626;14.25469;16.80178
19.37917;14.28117;16.77753
19.38963;14.28117;16.75522
19.40183;14.29283;16.73226
19.41352;14.30807;16.68688
19.41246;14.3248;16.68688
19.42234;14.37482;16.66187
19.43148;14.38913;16.63761
19.43603;14.40352;16.61102
19.44444;14.41911;16.58119
19.45103;14.43936;16.48569
19.45103;14.45679;16.45722
19.46418;14.47481;16.42791
19.46607;14.50191;16.35707
19.47218;14.52005;16.35707
19.47759;14.53829;16.3238
19.48028;14.55056;16.2526
19.48411;14.56664;16.21984
19.48411;14.58174;16.18854
19.48899;14.59303;16.15947
19.49268;14.60847;16.06932
19.49268;14.62533;16.06932
19.49425;14.63787;16.01178
19.49555;14.65626;15.9856
19.49552;14.67476;15.96096
19.49692;14.68935;15.94309
19.49859;14.70622;15.90139
19.50049;14.72179;15.88306
19.50252;14.73259;15.88306
19.50421;14.7837;15.87423
19.50542;14.7837;15.85342
19.50792;14.79996;15.84985
19.50792;14.79996;15.79455
19.50986;14.82324;15.79455
19.51144;14.83582;15.77416
19.51325;14.84897;15.73652
19.51443;14.86087;15.71432
19.5165;14.87618;15.71432
19.51842;14.89186;15.69718
19.51955;14.90498;15.67244
19.52091;14.91805;15.64649
19.52179;14.92932;15.61031
19.52241;14.93708;15.61031
19.52277;14.945;15.58202
19.52317;14.95255;15.55479
19.5234;14.9544;15.52529
19.52358;14.96188;15.49547
19.52388;14.96841;15.46716
19.5243;14.96956;15.41338
19.52468;14.97405;15.41338
19.52468;14.97798;15.38819
19.52493;14.97672;15.36403
19.52512;14.98221;15.34144
19.52539;14.98221;15.28122
19.52593;14.98501;15.25975
19.52607;14.98854;15.24174
19.52607;14.9931;15.22031
19.52612;14.99689;15.19838
19.52601;14.99999;15.126
19.52575;15.00217;15.126
19.52377;15.00359;15.1023
19.52286;15.00463;15.07742
19.52286;15.00453;15.05539
19.52079;15.00507;15.03431
19.52079;15.00591;15.0163
19.51812;15.00591;14.99477
19.51556;15.00706;14.97251
19.51556;15.00815;14.95168
19.51288;15.00812;14.95168
19.50879;15.00868;14.9052
19.50481;15.00868;14.87347
19.49313;15.009;14.85128
19.49313;15.0098;14.82819
19.48056;15.01027;14.80672
19.47287;15.01067;14.78503
19.47287;15.01159;14.76337
19.46647;15.01277;14.71636
19.44527;15.01405;14.71636
19.44527;15.01521;14.69205
19.43855;15.01521;14.65288
19.43226;15.01716;14.62637
19.42664;15.01951;14.62637
19.41724;15.01951;14.47941
19.41724;15.0207;14.47941
19.41296;15.02201;14.41767
19.40957;15.02482;14.38699
19.40577;15.02482;14.3572
19.40251;15.02599;14.32801
19.39919;15.02714;14.30014
19.39506;15.02814;14.27367
19.39506;15.02922;14.27367
19.39489;15.02989;14.24906
19.39473;15.03113;14.19575
19.39521;15.03113;14.17543
19.3959;15.03175;14.17543
19.39789;15.0321;14.15378
19.39887;15.03269;14.13483
19.40005;15.03255;14.11609
19.40279;15.03255;14.08058
19.40666;15.03221;14.06261
19.40666;15.03169;14.06261
19.40978;15.03118;14.04865
19.41256;15.03071;14.0315
19.41562;15.03037;14.01734
19.41961;15.03139;13.94948
19.42839;15.03139;13.94948
19.4346;15.03195;13.93162
19.4346;15.03261;13.91268
19.44012;15.03337;13.89551
19.44574;15.03426;13.87875
19.45286;15.03556;13.86477
19.46535;15.03673;13.84984
19.46535;15.03791;13.83477
19.47402;15.03922;13.82092
19.4826;15.04046;13.80716
19.49187;15.04163;13.79562
19.52294;15.04291;13.78524
19.52294;15.04408;13.77577
19.53365;15.04499;13.77577
19.54444;15.04597;13.76043
19.55559;15.04667;13.75477
19.56717;15.04739;13.75477
19.57844;15.04894;13.75477
19.58988;15.04951;13.75167
19.60143;15.04997;13.75026
19.61186;15.05079;13.74911
19.62344;15.05187;13.74936
19.63549;15.05344;13.75033
19.6481;15.0552;13.75178
19.66192;15.05715;13.75173
19.67604;15.0591;13.75345
19.69057;15.06358;13.75466
19.70443;15.06358;13.75378
19.71994;15.06546;13.75554
19.76524;15.06686;13.75695
19.76524;15.06826;13.75861
19.78249;15.06951;13.76044
19.79918;15.0716;13.76226
19.81615;15.07404;13.7642
19.83221;15.0768;13.7642
19.84991;15.07953;13.76469
19.86629;15.08229;13.76538
19.88504;15.08482;13.76604
19.90383;15.0878;13.76665
19.92217;15.09107;13.76692
19.96058;15.09457;13.76692
19.98157;15.09829;13.76684
19.98157;15.10221;13.76669
20.00356;15.1062;13.76679
20.02631;15.11006;13.76686
20.07199;15.11392;13.76654
20.07199;15.11849;13.76654
20.09558;15.12354;13.76659
20.11824;15.12928;13.76648
20.1413;15.13575;13.76608
20.1637;15.1423;13.7657
20.2053;15.15056;13.76597
20.2053;15.15995;13.76597
20.22467;15.17041;13.76708
20.2316;15.18297;13.76911
20.25108;15.19527;13.77163
20.27132;15.2383;13.77425
20.28244;15.2383;13.77673
20.34192;15.25575;13.77873
20.36359;15.29257;13.7808
20.36359;15.29257;13.78261
20.38975;15.31182;13.78414
20.41335;15.33154;13.7862
20.46351;15.35202;13.7862
20.46351;15.3725;13.78721
20.42413;15.39305;13.78774
20.44439;15.42842;13.78854
20.46349;15.42842;13.78904
20.41615;15.44666;13.78911
20.50372;15.46389;13.78911
20.50372;15.48123;13.78771
20.52498;15.49946;13.78682
20.54443;15.53823;13.78635
20.61081;15.53823;13.78592
20.62956;15.55954;13.78551
20.64838;15.57901;13.78309
20.65084;15.59721;13.78309
20.67044;15.61452;13.7829
20.69058;15.65024;13.78214
20.7086;15.65024;13.7817
20.72994;15.66657;13.7816
20.75266;15.68549;13.77957
20.77419;15.70513;13.77957
20.79865;15.72369;13.77859
20.82451;15.74392;13.77734
20.85033;15.76478;13.77615
20.90184;15.78765;13.77623
20.92318;15.80946;13.7761
20.92318;15.83176;13.77639
20.94528;15.852;13.777
20.96632;15.89397;13.77771
21.00376;15.89397;13.77751
21.00376;15.9145;13.77698
21.02557;15.93247;13.77698
21.04598;15.95031;
21.06838;15.96637;
21.11512;15.98564;
21.11512;16.00611;
21.16993;16.026;
21.16993;16.04489;
21.1931;16.06369;
21.21671;16.08398;
21.26274;16.12231;
21.26274;16.12231;
21.28566;16.13791;
21.30954;16.1568;
21.33352;16.17541;
21.38247;16.19021;
21.38247;16.22537;
21.43441;16.22537;
21.43441;16.24068;
21.45795;16.25764;
21.47997;16.27394;
21.50188;16.2901;
21.52341;16.34937;
21.58974;16.34937;
21.58974;16.36128;
21.60964;16.38157;
21.62807;16.40145;
21.64152;16.40145;
21.65989;16.41563;
21.67875;16.42364;
21.69372;16.43224;
21.71364;16.44937;
21.73392;16.47127;
21.75445;16.47127;
21.77521;16.48598;
21.81771;16.4979;
21.83796;16.50952;
21.85835;16.51777;
21.87651;16.53901;
21.89552;16.53901;
21.91405;16.54868;
21.93286;16.55993;
21.95002;16.57236;
21.96676;16.58545;
21.98361;16.63329;
22.00235;16.63329;
22.01982;16.65151;
22.03647;16.66876;
22.05522;16.68254;
22.07442;16.71317;
22.09637;16.71317;
22.1582;16.72801;
22.1582;16.74103;
22.18006;16.75354;
22.20175;16.76532;
22.22159;16.79069;
22.24295;16.79069;
22.26335;16.8161;
22.28089;16.83156;
22.29133;16.84801;
22.30012;16.87477;
22.30839;16.90839;
22.3084;16.90839;
22.33085;16.92403;
22.33178;16.93911;
22.33389;16.95392;
22.35929;16.97104;
22.36598;16.98577;
22.375;17.00157;
22.39725;17.00691;
22.40985;17.02389;
22.42369;17.04226;
22.43767;17.03357;
22.45362;17.08159;
22.47047;17.10125;
22.49376;17.10125;
22.51263;17.15606;
22.53197;17.18029;
22.55488;17.18029;
22.61832;17.23116;
22.61832;17.26565;
22.63768;17.26565;
22.65529;17.30233;
22.67268;17.34945;
22.68695;17.37134;
22.69994;17.39528;
22.71163;17.39528;
22.72401;17.43517;
22.73642;17.45965;
22.74426;17.48087;
22.75691;17.50147;
22.77075;17.51652;
22.7844;17.53535;
22.79802;17.55614;
22.81151;17.56852;
22.82555;17.58434;
22.85199;17.59912;
22.85199;17.64352;
22.86514;17.658;
22.87879;17.67266;
22.89132;17.69957;
22.92002;17.75975;
22.92002;17.77815;
22.93401;17.77815;
22.94883;17.79647;
22.96418;17.83521;
22.97966;17.83521;
23.00929;17.85151;
23.00929;17.85574;
23.021;17.87348;
23.03421;17.89192;
23.04715;17.919;
23.05406;17.919;
23.06685;17.93887;
23.10303;17.95644;
23.11618;17.9779;
23.11618;18.00065;
23.12534;18.02409;
23.15686;18.07381;
23.15686;18.09674;
23.17302;18.09674;
23.17818;18.12197;
23.19283;18.14559;
23.20676;18.07817;
23.23664;18.11757;
23.23664;18.14375;
23.24757;18.14375;
23.25952;18.17128;
23.27168;18.21057;
23.28238;18.21057;
23.29576;18.23748;
23.30916;18.26756;
23.31994;18.29305;
23.33357;18.35856;
23.34824;18.38537;
23.37481;18.38537;
23.39104;18.41264;
23.39104;18.44914;
23.4014;18.47774;
23.41721;18.50716;
23.42711;18.53497;
23.45826;18.59291;
23.45826;18.59291;
23.47335;18.6369;
23.49008;18.66165;
23.50664;18.68231;
23.52091;18.7043;
23.53808;18.74778;
23.57246;18.74778;
23.57246;18.77787;
23.58493;18.80138;
23.5992;18.82109;
23.6121;18.88804;
23.65015;18.91532;
23.66062;18.91532;
23.66062;18.94106;
23.66872;18.96831;
23.66891;18.99722;
23.67604;19.05553;
23.69009;19.05553;
23.69009;19.08433;
23.6981;19.11029;
23.70432;19.13543;
23.7025;19.15403;
23.71142;19.19279;
23.71142;19.19279;
23.71532;19.21723;
23.71881;19.23955;
23.72183;19.26635;
23.72902;19.2869;
23.73142;19.30532;
23.73405;19.32153;
23.73603;19.35188;
23.73984;19.36686;
23.74384;19.38263;
23.74692;19.42837;
23.75051;19.42837;
23.75295;19.45782;
23.75412;19.48178;
23.75495;19.50717;
23.75629;19.53239;
23.75439;19.55976;
23.75809;19.61166;
23.75968;19.61166;
23.75968;19.63695;
23.75884;19.66022;
23.76519;19.6762;
23.76519;19.71892;
23.76651;19.71892;
23.76978;19.73248;
23.77292;19.75396;
23.77519;19.77591;
23.78355;19.79253;
23.78539;19.83369;
23.78634;19.83369;
23.7862;19.8556;
23.7847;19.87768;
23.78251;19.89998;
23.77862;19.92219;
23.77414;19.94228;
23.76886;19.99021;
23.76115;19.99021;
23.75553;20.00724;
23.74886;20.03189;
23.74208;20.05031;
23.73455;20.09726;
23.7281;20.09726;
23.71852;20.11891;
23.70509;20.13983;
23.69652;20.15841;
23.6883;20.17495;
23.6883;20.19594;
23.679;20.23447;
23.66482;20.23447;
23.64645;20.2555;
23.64645;20.2779;
23.63966;20.30082;
23.62254;20.32218;
23.61778;20.37069;
23.61148;20.37069;
23.60716;20.39273;
23.60615;20.42024;
23.60512;20.45754;
23.60402;20.52036;
23.60324;20.52036;
23.60268;20.56165;
23.60167;20.59525;
23.60211;20.62952;
23.60357;20.66358;
23.60522;20.69925;
23.60564;20.81937;
23.60496;20.81937;
23.60189;20.8497;
23.59225;20.88017;
23.58567;20.94184;
23.57618;20.94184;
23.57032;20.96741;
23.56637;20.99917;
23.5645;21.03;
23.56157;21.05885;
23.5618;21.1182;
23.561;21.1182;
23.56022;21.14968;
23.55942;21.17961;
23.56002;21.20731;
23.5612;21.26822;
23.56263;21.26822;
23.56698;21.30192;
23.56993;21.33106;
23.57214;21.35927;
23.57684;21.38694;
23.58146;21.46176;
23.58146;21.46176;
23.59422;21.4912;
23.60192;21.5183;
23.61039;21.54514;
23.62059;21.57039;
23.62954;21.61613;
23.63902;21.61613;
23.64848;21.63997;
23.65766;21.66377;
23.66599;21.68922;
23.67393;21.73688;
23.6811;21.73688;
23.68788;21.76015;
23.69476;21.78226;
23.70977;21.80385;
23.71554;21.81979;
23.71554;21.86339;
23.72145;21.86339;
23.72774;21.90351;
23.73882;21.92494;
23.73882;21.94674;
23.73852;21.9646;
23.74386;21.98714;
23.74876;22.00942;
23.74441;22.03231;
23.75235;22.0544;
23.75746;22.07679;
23.76148;22.09689;
23.76623;22.11843;
23.77288;22.13972;
23.77886;22.16118;
23.78539;22.18413;
23.79173;22.20705;
23.79888;22.23203;
23.80547;22.30039;
23.81211;22.30039;
23.81816;22.31789;
23.82435;22.3338;
23.83027;22.35294;
23.83469;22.36902;
23.84069;22.38533;
23.84733;22.407;
23.85342;22.42286;
23.87395;22.43735;
23.87395;22.43735;
23.88123;22.46542;
23.88852;22.4786;
23.89465;22.49002;
23.9026;22.50327;
23.91102;22.51654;
23.91694;22.52581;
23.92671;22.53805;
23.93603;22.54928;
23.9544;22.55939;
23.9544;22.56923;
23.95984;22.57575;
23.96639;22.58498;
23.97221;22.59431;
23.9758;22.60396;
23.97999;22.60801;
23.98405;22.60801;
23.98625;22.62453;
23.99066;22.63276;
23.99523;22.65058;
23.99706;22.6596;
24.00513;22.6596;
24.00513;22.67716;
24.00643;22.68197;
24.00488;22.6904;
24.00268;22.69896;
23.99198;22.70619;
23.98005;22.71483;
23.97897;22.72355;
23.96974;22.73188;
23.9664;22.74026;
23.96125;22.74766;
23.95774;22.75367;
23.95656;22.757;
23.95831;22.75915;
23.96145;22.76354;
23.96535;22.76602;
23.96729;22.76908;
23.96905;22.76908;
23.96905;22.77641;
23.96453;22.77986;
23.96534;22.78119;
23.96419;22.78521;
23.96845;22.7899;
23.96845;22.79043;
23.96953;22.79623;
23.97225;22.79959;
23.97524;22.80668;
23.97757;22.82719;
23.98445;22.83271;
23.98445;22.83271;
23.98732;22.83945;
23.9915;22.84523;
23.99494;22.85103;
23.99719;22.85489;
24.00309;22.86092;
24.00309;22.86645;
24.00447;22.87085;
24.0051;22.87645;
24.00411;22.88259;
24.00184;22.88807;
23.9988;22.89493;
23.9959;22.90255;
23.99257;22.91148;
23.9896;22.92665;
23.98556;22.92665;
23.98068;22.93609;
23.97452;22.94581;
23.96734;22.95677;
23.95671;22.9709;
23.94626;22.99092;
23.9318;22.99092;
23.90415;23.00195;
23.88904;23.01368;
23.88904;23.02535;
23.86754;23.03976;
23.85073;23.0752;
23.83077;23.08495;
23.79618;23.08495;
23.79618;23.0952;
23.78082;23.1049;
23.76886;23.12395;
23.75929;23.12395;
23.74694;23.13239;
23.73003;23.14218;
23.73003;23.15233;
23.72071;23.15828;
23.70597;23.17673;
23.69934;23.17673;
23.69934;23.18278;
23.67358;23.19042;
23.67358;23.1976;
23.66725;23.20246;
23.65998;23.21292;
23.65493;23.21292;
23.64874;23.21903;
23.64293;23.22384;
23.63903;23.22864;
23.63459;23.23626;
23.63091;23.24025;
23.62802;23.24325;
23.62665;23.24725;
23.6231;23.24802;
23.61747;23.2478;
23.61044;23.24979;
23.60217;23.24776;
23.59421;23.2446;
23.58182;23.24907;
23.5764;23.24451;
23.57067;23.23985;
23.5645;23.24627;
23.55749;23.24306;
23.54976;23.23982;
23.54085;23.24287;
23.54085;23.23924;
23.5199;23.23534;
23.50908;23.24039;
23.49902;23.23789;
23.48963;23.23914;
23.48306;23.23805;
23.47709;23.23719;
23.46982;23.23582;
23.46311;23.23362;
23.45535;23.2256;
23.4475;23.2256;
23.43411;23.22336;
23.42833;23.22089;
23.42231;23.21451;
23.41656;23.21126;
23.41171;23.20817;
23.40623;23.20344;
23.40097;23.20014;
23.39618;23.19572;
23.38848;23.18784;
23.37949;23.18072;
23.37114;23.17246;
23.35484;23.16183;
23.34601;23.15228;
23.34601;23.14392;
23.33564;23.13185;
23.32392;23.13185;
23.29837;23.12913;
23.29837;23.12539;
23.2858;23.12239;
23.27415;23.11799;
23.26375;23.10792;
23.25391;23.09665;
23.23166;23.09665;
23.23166;23.08757;
23.22081;23.08058;
23.20812;23.07078;
23.19555;23.04123;
23.18116;23.03609;
23.13635;23.03609;
23.13635;23.02791;
23.12613;23.01907;
23.11801;23.01088;
23.11094;23.0016;
23.097;22.99334;
23.097;22.99028;
23.08955;22.98394;
23.08113;22.9775;
23.07286;22.97255;
23.06558;22.96726;
23.0403;22.96166;
23.0403;22.95727;
23.03442;22.95068;
23.02706;22.94506;
23.01978;22.9423;
23.01341;22.93944;
23.00565;22.93725;
22.9978;22.93748;
22.99047;22.93454;
22.98283;22.931;
22.97514;22.93077;
22.96784;22.92704;
22.94253;22.9232;
22.94253;22.91903;
22.93503;22.91403;
22.92761;22.90896;
22.92101;22.9075;
22.91486;22.90292;
22.90862;22.89901;
22.89985;22.89779;
22.89164;22.89471;
22.88228;22.89485;
22.87066;22.88709;
22.85976;22.88515;
22.84834;22.88515;
22.83732;22.88275;
22.82771;22.88245;
22.8202;22.88033;
22.81427;22.87824;
22.80482;22.8779;
22.79682;22.87523;
22.78549;22.87302;
22.77049;22.87407;
22.75439;22.87232;
22.74136;22.87122;
22.73191;22.87315;
22.72917;22.87254;
22.72563;22.8716;
22.72711;22.87104;
22.72667;22.86912;
22.72722;22.86912;
22.72792;22.86782;
22.7307;22.86667;
22.73168;22.86525;
22.73403;22.86551;
22.75033;22.86233;
22.75033;22.86233;
22.75232;22.86334;
22.75313;22.86241;
22.75291;22.8626;
22.75091;22.86181;
22.74763;22.86109;
22.74492;22.86109;
22.74354;22.86049;
22.74575;22.85989;
22.751;22.85931;
22.77066;22.85883;
22.77066;22.85957;
22.77716;22.85937;
22.78321;22.85896;
22.78926;22.85479;
22.79484;22.85402;
22.80031;22.85329;
22.80459;22.85513;
22.80849;22.85492;
22.80939;22.85494;
22.81047;22.8566;
22.81224;22.85691;
22.81473;22.85711;
22.81772;22.8602;
22.81961;22.8602;
22.82146;22.85997;
22.82349;22.86133;
22.83146;22.86117;
22.83836;22.86123;
22.84058;22.86196;
22.84302;22.86237;
22.84556;22.86257;
22.84694;22.86277;
22.84694;22.86244;
22.84651;22.86201;
22.84608;22.86271;
22.84624;22.86283;
22.84741;22.86335;
22.85155;22.86502;
22.85314;22.86591;
22.85441;22.8696;
22.85441;22.8696;
22.85619;22.8715;
22.86019;22.87255;
22.86019;22.87366;
22.86246;22.87362;
22.86466;22.87476;
22.86689;22.87585;
22.86906;22.87679;
22.87252;22.87769;
22.87389;22.87845;
22.87535;22.87929;
22.87658;22.87936;
22.87658;22.87889;
22.87712;22.87753;
22.87789;22.87605;
22.87703;22.87452;
22.87674;22.87128;
22.87674;22.87112;
22.87682;22.87252;
22.87833;22.87037;
22.87977;22.87508;
22.87977;22.88246;
22.88355;22.886;
22.88496;22.89431;
22.88605;22.90162;
22.88684;22.90635;
22.88769;22.92407;
22.88769;22.93132;
22.88798;22.93881;
22.88807;22.94493;
22.88782;22.94623;
22.88851;22.94958;
22.8901;22.95273;
22.89121;22.95393;
22.89233;22.95676;
22.8936;22.95946;
22.89463;22.95654;
22.89755;22.95522;
22.89783;22.95063;
22.89783;22.94511;
22.89789;22.93872;
22.8977;22.93464;
22.89678;22.93489;
22.89678;22.93478;
22.89676;22.93497;
22.89672;22.93254;
22.89676;22.93114;
22.89677;22.92843;
22.89738;22.92705;
22.89738;22.92483;
22.89675;22.92317;
22.89466;22.9234;
22.89115;22.92138;
22.8869;22.9218;
22.88384;22.91872;
22.88824;22.91338;
22.89099;22.91338;
22.89303;22.91303;
22.89508;22.91442;
22.89587;22.9145;
22.89627;22.91446;
22.89999;22.91524;
22.89982;22.91552;
22.89904;22.91569;
22.89646;22.91598;
22.89646;22.91475;
22.89552;22.91475;
22.89403;22.91474;
22.89225;22.91283;
22.88562;22.91073;
22.88562;22.90702;
22.88119;22.90492;
22.87438;22.90246;
22.86535;22.8968;
22.8548;22.8931;
22.84267;22.88858;
22.80618;22.88073;
22.79503;22.8691;
22.78339;22.8691;
22.77233;22.86163;
22.76224;22.85214;
22.75253;22.84408;
22.76804;22.83634;
22.75776;22.81564;
22.59985;22.81564;
22.5901;22.81199;
22.57903;22.80869;
22.56846;22.80534;
22.53515;22.79967;
22.52447;22.79251;
22.51204;22.79251;
22.52343;22.78883;
22.48583;22.78695;
22.48583;22.78611;
22.47195;22.78381;
22.45815;22.78129;
22.48847;22.78182;
22.46988;22.78042;
22.46988;22.7802;
22.45696;22.78161;
22.44533;22.78118;
22.43102;22.78394;
22.41261;22.78394;
22.36275;22.78779;
22.34876;22.79032;
22.34876;22.79178;
22.33559;22.79254;
22.30026;22.79254;
22.2647;22.79222;
22.2647;22.79098;
22.25026;22.7893;
22.23289;22.78566;
22.21571;22.77953;
22.20331;22.77682;
22.17002;22.77682;
22.17002;22.77343;
22.14818;22.76864;
22.13057;22.75886;
22.11481;22.75886;
22.10048;22.75131;
22.0544;22.74483;
22.03418;22.73815;
22.03418;22.7335;
22.01401;22.72488;
21.99858;22.72488;
21.96741;22.72267;
21.96741;22.72221;
21.95295;22.72276;
21.93715;22.72146;
21.92084;22.72174;
21.89522;22.72174;
21.87779;22.71893;
21.85975;22.71841;
21.84127;22.71669;
21.82166;22.71388;
21.80136;22.71388;
21.78076;22.7091;
21.73521;22.7091;
21.73521;22.71096;
21.71879;22.71196;
21.70368;22.7148;
21.69965;22.72676;
21.68471;22.72676;
21.66965;22.72897;
21.65959;22.73005;
21.64418;22.72972;
21.6283;22.72896;
21.61655;22.72764;
21.58295;22.72599;
21.58295;22.72325;
21.57921;22.72163;
21.56164;22.71907;
21.54415;22.71677;
21.53612;22.71414;
21.52054;22.71276;
21.50641;22.71064;
21.49436;22.70825;
21.48044;22.7063;
21.46625;22.70425;
21.45202;22.69932;
21.44085;22.69657;
21.42377;22.69427;
21.41578;22.68914;
21.39849;22.68954;
21.38161;22.69007;
21.368;22.68851;
21.3038;22.68786;
21.3038;22.68797;
21.28154;22.68947;
21.25569;22.69092;
21.23208;22.70174;
21.20515;22.70654;
21.17699;22.71253;
21.14697;22.72075;
21.12538;22.72943;
21.09974;22.73886;
21.08632;22.74828;
21.04725;22.74828;
21.02815;22.75749;
21.02815;22.77629;
21.00646;22.78379;
20.98696;22.79052;
20.97533;22.79052;
20.95921;22.80165;
20.94355;22.80652;
20.92882;22.81114;
20.9116;22.81526;
20.89338;22.81526;
20.87419;22.81823;
20.85458;22.82125;
20.83409;22.82362;
20.81245;22.82498;
20.79394;22.82929;
20.77672;22.83086;
20.77217;22.8319;
20.71588;22.83259;
20.71588;22.83328;
20.696;22.83384;
20.67685;22.83439;
20.65801;22.83335;
20.63897;22.83357;
20.61911;22.83293;
20.59962;22.82998;
20.58345;22.8284;
20.57077;22.8271;
20.55746;22.82372;
20.49334;22.82346;
20.49334;22.82381;
20.47708;22.82347;
20.46059;22.82394;
20.42809;22.82444;
20.42809;22.82477;
20.41171;22.82505;
20.39573;22.82578;
20.38052;22.8267;
20.36304;22.83032;
20.33218;22.83032;
20.31806;22.83044;
20.31806;22.83037;
20.30414;22.83019;
20.29392;22.8304;
20.28257;22.831;
20.24715;22.83188;
20.23444;22.83329;
20.22109;22.83525;
20.20649;22.83801;
20.19274;22.84048;
20.18119;22.8433;
20.18119;22.84804;
20.15833;22.85436;
20.14633;22.86222;
20.13497;22.94148;
20.10943;22.94973;
20.0949;22.95917;
20.0949;22.85221;
20.08054;22.8624;
20.06533;22.87253;
20.03581;22.735;
20.03581;22.74335;
20.02169;22.75033;
20.00801;22.75907;
19.99388;22.76361;
19.97878;22.76711;
19.92507;22.77124;
19.92507;22.7634;
19.90444;22.75986;
19.88265;22.7566;
19.85915;22.75068;
19.83427;22.74536;
19.78722;22.73824;
19.78722;22.72942;
19.7667;22.71917;
19.74474;22.70811;
19.71001;22.69696;
19.71001;22.68525;
19.69009;22.6747;
19.69009;22.66236;
19.6903;22.65031;
19.69256;22.63711;
19.69888;22.62918;
19.70801;22.61232;
19.71937;22.59393;
19.76215;22.57791;
19.7747;22.56218;
19.7747;22.54748;
19.78509;22.53577;
19.79693;22.49998;
19.79693;22.49998;
19.7985;22.48802;
19.7999;22.47837;
19.80169;22.46461;
19.80169;22.45488;
19.8058;22.44498;
19.8058;22.43384;
19.80677;22.42295;
19.80711;22.41148;
19.80651;22.39971;
19.80635;22.38826;
19.80624;22.37783;
19.80563;22.36883;
19.80619;22.36147;
19.80723;22.35163;
19.80844;22.3453;
19.81133;22.33829;
19.81168;22.3305;
19.81168;22.32152;
19.8122;22.31674;
19.81247;22.31439;
19.81269;22.31111;
19.81206;22.30695;
19.81206;22.30162;
19.81105;22.29769;
19.8103;22.28956;
19.80912;22.28036;
19.80888;22.25009;
19.80858;22.25009;
19.80858;22.23999;
19.80791;22.2302;
19.80731;22.22019;
19.8054;22.20935;
19.80026;22.19841;
19.80026;22.18676;
19.79677;22.17317;
19.79376;22.16041;
19.79084;22.14797;
19.78796;22.13511;
19.78533;22.12186;
19.78306;22.10805;
19.78152;22.09321;
19.78118;22.07908;
19.78168;22.06642;
19.78236;22.05512;
19.78288;22.04411;
19.78805;22.03235;
19.78805;22.01823;
19.79072;22.00366;
19.79246;21.98834;
19.79497;21.97502;
19.79684;21.96307;
19.79763;21.9513;
19.7973;21.93893;
19.79573;21.92504;
19.79354;21.91089;
19.7927;21.89743;
19.79113;21.85626;
19.79016;21.85626;
19.78851;21.84352;
19.78635;21.83047;
19.78393;21.81309;
19.76715;21.79935;
19.76715;21.786;
19.75873;21.77163;
19.74895;21.75842;
19.73776;21.74406;
19.7258;21.72852;
19.71317;21.71022;
19.69926;21.69167;
19.68639;21.67159;
19.67554;21.65367;
19.66421;21.6377;
19.65311;21.62155;
19.64174;21.60513;
19.62935;21.58831;
19.61543;21.57183;
19.60105;21.55376;
19.58678;21.53863;
19.53624;21.52069;
19.53624;21.5017;
19.51393;21.48118;
19.49296;21.46334;
19.47081;21.44081;
19.45057;21.41831;
19.43234;21.39556;
19.40805;21.3421;
19.38539;21.32903;
19.36253;21.32903;
19.33765;21.3172;
19.31737;21.28769;
19.28186;21.28769;
19.28186;21.2682;
19.27082;21.25373;
19.25944;21.2396;
19.24565;21.22638;
19.23201;21.19241;
19.21806;21.19241;
19.20632;21.18113;
19.19433;21.16285;
19.18881;21.14485;
19.17544;21.12801;
19.16057;21.09301;
19.15124;21.09301;
19.13458;21.07445;
19.11548;21.05816;
19.09937;21.04308;
19.047;21.02438;
19.047;20.99303;
19.02935;20.99303;
19.01265;20.97403;
19.00069;20.95611;
18.98362;20.93846;
18.96461;20.9235;
18.94637;20.88329;
18.9234;20.86653;
18.90011;20.85046;
18.88065;20.83027;
18.85857;20.80965;
18.83749;20.78791;
18.81743;20.76927;
18.79486;20.74695;
18.7717;20.72376;
18.75129;20.69921;
18.70458;20.67541;
18.70458;20.65432;
18.68895;20.64227;
18.66517;20.62508;
18.64187;20.60779;
18.62515;20.58842;
18.60606;20.56849;
18.58758;20.54556;
18.56882;20.52302;
18.55003;20.50147;
18.53045;20.50147;
18.50184;20.46578;
18.48295;20.44894;
18.46458;20.38427;
18.46458;20.38427;
18.42312;20.36297;
18.42312;20.34159;
18.38292;20.3208;
18.36045;20.29975;
18.33781;20.27705;
18.31584;20.25591;
18.29398;20.23712;
18.27127;20.21768;
18.24156;20.2019;
18.24156;20.18527;
18.22067;20.16184;
18.20048;20.14172;
18.17916;20.12039;
18.15981;20.09665;
18.13571;20.07669;
18.1127;20.05805;
18.09075;20.03716;
18.07303;20.02035;
18.05093;20.00388;
18.03171;19.98665;
17.95808;19.97035;
17.95808;19.95069;
17.9313;19.9312;
17.90438;19.91006;
17.87715;19.88859;
17.82263;19.86662;
17.82263;19.84509;
17.79568;19.82367;
17.77465;19.80258;
17.7558;19.78705;
17.73647;19.77323;
17.72049;19.75622;
17.70439;19.7422;
17.68215;19.69153;
17.66436;19.67754;
17.64722;19.67754;
17.63329;19.66047;
17.57747;19.63168;
17.57747;19.63168;
17.55712;19.61285;
17.53657;19.59652;
17.52031;19.58033;
17.49937;19.56417;
17.47799;19.53201;
17.45758;19.53201;
17.43668;19.51858;
17.41652;19.5062;
17.39091;19.49624;
17.32082;19.48486;
17.32082;19.46448;
17.29536;19.46448;
17.26614;19.45147;
17.24527;19.43776;
17.22572;19.42336;
17.20676;19.40398;
17.18666;19.37963;
17.16708;19.37963;
17.14683;19.36385;
17.12163;19.3495;
17.10156;19.33389;
17.08157;19.31538;
17.05596;19.25465;
17.03574;19.23299;
17.01764;19.23299;
16.96858;19.21073;
16.96858;19.18714;
16.93857;19.13733;
16.9229;19.13733;
16.90847;19.11198;
16.89485;19.08703;
16.88322;19.06463;
16.87147;19.04332;
16.8585;19.00235;
16.84544;19.00235;
16.82795;18.9792;
16.80152;18.95899;
16.78936;18.93945;
16.78936;18.92235;
16.77304;18.88455;
16.75011;18.88455;
16.75011;18.86605;
16.74035;18.84428;
16.7187;18.80228;
16.7187;18.75655;
16.70844;18.73792;
16.68857;18.73792;
16.68857;18.71432;
16.68376;18.69016;
16.66536;18.67201;
16.65605;18.63007;
16.65605;18.63007;
16.64851;18.61377;
16.65488;18.59162;
16.64731;18.56738;
16.61991;18.52122;
16.61131;18.52122;
16.60228;18.4964;
16.59261;18.47592;
16.58491;18.45382;
16.57916;18.40948;
16.57502;18.40948;
16.56863;18.3642;
16.56179;18.3642;
16.55528;18.34356;
16.5275;18.31986;
16.5275;18.2956;
16.52254;18.27623;
16.51737;18.21302;
16.50919;18.21302;
16.50336;18.18637;
16.49757;18.16152;
16.49135;18.14077;
16.48578;18.12652;
16.48303;18.04483;
16.4738;18.04483;
16.46966;18.0248;
16.46741;17.98667;
16.46741;17.96851;
16.46199;17.94311;
16.45035;17.92193;
16.45035;17.90038;
16.44346;17.87616;
16.44025;17.85406;
16.43369;17.83286;
16.42898;17.8149;
16.42288;17.79324;
16.42288;17.774;
16.4165;17.75516;
16.40753;17.73713;
16.39904;17.71918;
16.38914;17.69863;
16.37704;17.67765;
16.34463;17.65735;
16.34463;17.63202;
16.33407;17.5693;
16.32369;17.5475;
16.31371;17.5475;
16.30199;17.52411;
16.29169;17.479;
16.28041;17.479;
16.26627;17.45423;
16.25461;17.43107;
16.24239;17.4062;
16.21767;17.38361;
16.20305;17.36026;
16.20305;17.33023;
16.19143;17.27477;
16.17917;17.27477;
16.16294;17.25731;
16.13482;17.23646;
16.13482;17.21284;
16.1189;17.16863;
16.09595;17.14004;
16.07872;17.14004;
16.05709;17.11819;
16.0135;17.07747;
16.0135;17.05604;
15.98944;16.98139;
15.95857;16.95636;
15.90093;16.92666;
15.90093;16.90236;
15.77966;16.87727;
15.7533;16.87727;
15.7533;16.85283;
15.72249;16.82607;
15.67231;16.80243;
15.67231;16.76019;
15.6488;16.76019;
15.62674;16.73791;
15.60351;16.71642;
15.58169;16.69357;
15.52838;16.66914;
15.52838;16.64655;
15.51305;16.60338;
15.50121;16.60338;
15.49047;16.57589;
15.48218;16.552;
15.47747;16.52761;
15.48313;16.47323;
15.48655;16.47323;
15.49251;16.44374;
15.49994;16.41386;
15.50097;16.38229;
15.50736;16.34631;
15.51406;16.24162;
15.52759;16.21003;
15.53284;16.17959;
15.5384;16.12029;
15.54245;16.09003;
15.54504;16.09003;
15.54626;16.05901;
15.54728;16.02623;
15.54947;15.99845;
15.55076;15.9725;
15.55144;15.94958;
15.5517;15.92827;
15.55044;15.90821;
15.54874;15.88453;
15.54592;15.86487;
15.54125;15.84771;
15.53594;15.83747;
15.52929;15.81817;
15.52234;15.80045;
15.51452;15.78087;
15.50723;15.76438;
15.49737;15.74914;
15.47297;15.72972;
15.45912;15.64433;
15.44391;15.62587;
15.44391;15.59836;
15.42972;15.5686;
15.39693;15.51247;
15.3797;15.51247;
15.3797;15.48341;
15.36218;15.45583;
15.32585;15.43544;
15.30785;15.39296;
15.30785;15.39296;
15.28886;15.37731;
15.26839;15.36017;
15.24776;15.36017;
15.22644;15.32992;
15.20337;15.31461;
15.13199;15.29945;
15.10917;15.28733;
15.06217;15.27214;
15.04169;15.25846;
15.01561;15.1104;
14.98852;15.10061;
14.96363;15.09272;
14.94284;15.0321;
14.92494;15.02389;
14.89027;15.01428;
14.8733;15.00285;
14.8733;14.98529;
14.8585;14.9781;
14.82896;14.97161;
14.81333;14.96138;
14.81333;14.95737;
14.7985;14.95375;
14.77333;14.94323;
14.75642;14.93969;
14.74019;14.9362;
14.67938;14.92755;
14.64419;14.92329;
14.64419;14.91852;
14.61921;14.90762;
14.60114;14.90066;
14.58324;14.89351;
14.56435;14.88641;
14.50783;14.87503;
14.48958;14.86659;
14.4659;14.85873;
14.44743;14.849;
14.4296;14.83905;
14.3929;14.82743;
14.37488;14.79111;
14.35687;14.77903;
14.33765;14.77903;
14.29634;14.76934;
14.2813;14.75803;
14.26671;14.73792;
14.25318;14.73792;
14.24086;14.73011;
14.2203;14.7208;
14.2203;14.7111;
14.2203;14.70077;
14.19795;14.67988;
14.1864;14.67988;
14.18049;14.67043;
14.16668;14.65837;
14.16668;14.64347;
;14.61591;
;14.61591;
;14.59876;
;14.58354;
;14.56719;
;14.54712;
;14.52973;
;14.45855;
;14.45855;
;14.44305;
;14.41404;
;14.41404;
;14.40111;
;14.39026;
;14.37954;
;14.36908;
;14.35792;
;14.34805;
;14.33856;
;14.32685;
;14.31802;
;14.30931;
;14.30175;
;14.29453;
;14.28776;
;14.27894;
;14.27226;
;14.26584;
;14.23991;
;14.23399;
;14.22796;
;14.22147;
;14.21297;
;14.2056;
;14.19754;
;14.18892;
;14.18155;
;14.17487;
;14.1662;
;14.15929;
;14.15957;
;14.15365;
;14.14732;
;14.14168;
;14.13009;
;14.13009;
;14.12775;
;14.12185;
;14.11636;
;14.11146;
;14.10323;
;14.10323;
;14.10025;
;14.09659;
;14.0932;
;14.09098;
;14.0884;
;14.08549;
;14.08263;
;14.07973;
;14.07688;
;14.07398;
;14.07154;
;14.0689;
;14.06604;
;14.06368;
;14.06183;
;14.0599;
;14.05839;
;14.05839;
;14.05855;
;14.05791;
;14.05817;
;14.06232;
;14.06232;
;14.06388;
;14.06615;
;14.06888;
;14.07597;
;14.07597;
;14.07929;
;14.08294;
;14.08652;
;14.09111;
;14.09651;
;14.10256;
;14.10812;
;14.11461;
;14.11892;
;14.12482;
;14.13048;
;14.13447;
;14.1395;
;14.14446;
;14.1475;
;14.16686;
;14.16686;
;14.17261;
;14.17931;
;14.18615;
;14.19312;
;14.20025;
;14.20905;
;14.21747;
;14.22566;
;14.23759;
;14.26076;
;14.26076;
;14.27373;
;14.2869;
;14.30119;
;14.32994;
;14.32994;
;14.34472;
;14.35875;
;14.37299;
;14.38757;
;14.40195;
;14.46258;
;14.46258;
;14.47513;
;14.49978;
;14.49978;
;14.51886;
;14.51886;
;14.5324;
;14.5324;
