Popup,Enlarge,Panel
,,
15.03093,15.00614,15.01899
15.0264,15.00614,15.00674
15.02295,15.00329,14.99746
14.56247,14.99685,14.98765
14.56034,14.99426,14.97847
14.57968,14.99426,14.96907
14.57968,14.99215,14.96097
14.57929,14.99216,14.94337
14.57817,14.99158,14.93624
14.5788,14.99142,14.92934
14.5788,14.99131,14.9221
14.57718,14.99088,14.91618
14.57718,14.99088,14.91618
14.57512,14.99039,14.90497
14.63595,14.98986,14.89967
14.63005,14.98912,14.89516
14.63005,14.9879,14.89017
14.62178,14.98701,14.89017
14.62178,14.9874,14.88597
14.61933,14.98713,14.88642
14.61212,14.98672,14.88611
14.59963,14.9862,14.88611
14.59963,14.98617,14.88427
14.60571,14.98617,14.88054
14.60145,14.98652,14.86333
14.59731,14.98709,14.86333
14.60226,14.98749,14.85727
14.59893,14.98592,14.85066
14.5963,14.98592,14.84258
14.59446,14.98372,14.83352
14.59091,14.98221,14.82355
14.58751,14.98221,14.81236
14.61343,14.9785,14.80082
14.60946,14.97005,14.788
14.60547,14.97005,14.77375
14.61205,14.96503,14.75804
14.60747,14.96503,14.72561
14.60336,14.95983,14.72561
14.59949,14.95424,14.70852
14.59558,14.94288,14.69324
14.59558,14.94288,14.67821
14.60118,14.92707,14.64887
14.59727,14.92707,14.63277
14.59144,14.91664,14.63277
14.59144,14.89449,14.6177
14.58021,14.88317,14.60265
14.58021,14.86819,14.57396
14.58253,14.85277,14.56012
14.57798,14.85277,14.54477
14.57669,14.81619,14.52817
14.56874,14.79974,14.51033
14.56874,14.78284,14.49173
14.56746,14.78284,14.47229
14.56459,14.76738,14.43489
14.56187,14.7524,14.43489
14.55802,14.73853,14.41929
14.55186,14.72591,14.41929
14.55186,14.70682,14.39198
14.55208,14.69804,14.3787
14.55095,14.69804,14.36424
14.55041,14.68827,14.35215
14.56774,14.05956,14.33859
14.56651,14.05167,14.32734
14.56542,14.04487,14.31633
14.5694,14.04487,14.31633
14.56769,14.03766,14.28108
14.56644,14.00356,14.28108
14.57012,14.00356,14.27026
14.56855,13.99732,14.26016
14.56674,13.97715,14.25012
14.56892,13.97107,14.23469
14.5673,13.97107,14.23469
14.56613,13.95888,14.22588
14.56249,13.95479,14.2155
14.56032,13.9551,14.20698
14.56032,13.94847,14.19762
14.56077,13.94847,14.1893
14.5591,13.94524,14.16327
14.5589,13.93167,14.16327
14.55325,13.93167,14.15393
14.55325,13.9158,14.14436
14.55138,13.908,14.13857
14.54859,13.89987,14.12158
14.54598,13.89987,14.12158
14.54376,13.8988,14.11314
14.54376,13.88007,14.10286
14.54109,13.8706,14.09447
14.53622,13.85766,14.07937
14.53285,13.85766,14.072
14.5289,13.86579,14.072
14.53022,13.85878,14.05373
14.5089,13.85235,14.05373
14.50271,13.84901,14.04691
14.50271,13.83601,14.03129
14.4956,13.83601,14.02464
14.47883,13.83616,14.02464
14.47883,13.82843,14.01471
14.46958,13.82843,14.00738
14.45373,13.81199,14.00003
14.45373,13.80279,13.97378
14.44435,13.79407,13.97378
14.42667,13.78727,13.96422
14.42667,13.7767,13.95497
14.41676,13.76518,13.94541
14.40436,13.75568,13.93656
14.3946,13.72792,13.92578
14.37587,13.72792,13.91426
14.36522,13.70666,13.90257
14.34949,13.69079,13.88956
14.34949,13.67372,13.87581
14.34361,13.65503,13.86572
14.33815,13.62236,13.8254
14.33377,13.60684,13.8254
14.32854,13.60684,13.8254
14.32537,13.59304,13.81229
14.3194,13.58058,13.79952
14.3177,13.56189,13.77672
14.31669,13.56189,13.77672
14.31553,13.5506,13.75321
14.31133,13.54117,13.74462
14.30856,13.53224,13.73547
14.31117,13.52314,13.73547
14.31109,13.51098,13.70377
14.3119,13.51098,13.70377
14.31644,13.50585,13.70377
14.32135,13.50007,13.69013
14.32417,13.49656,13.67912
14.32417,13.49321,13.65174
14.32927,13.4851,13.65174
14.3343,13.4851,13.64087
14.3343,13.48384,13.61696
14.34466,13.48147,13.60675
14.34466,13.48147,13.59677
14.35061,13.48008,13.58606
14.35532,13.47411,13.56634
14.36031,13.47538,13.55668
14.3662,13.47538,13.55668
14.37077,13.47397,13.54648
14.3751,13.47291,13.53603
14.38343,13.46788,13.52991
14.3867,13.46788,13.51883
14.38995,13.47465,13.50891
14.40385,13.47603,13.5002
14.40385,13.47696,13.49077
14.41266,13.47849,13.48219
14.41441,13.48862,13.4763
14.41543,13.49752,13.46816
14.41914,13.49837,13.46045
14.41936,13.4989,13.45243
14.41915,13.49963,13.44362
14.4227,13.50183,13.43484
14.42137,13.50258,13.41915
14.419,13.50277,13.41151
14.41605,13.50305,13.41151
14.41376,13.50246,13.40307
14.40955,13.50145,13.3946
14.40496,13.50053,13.38148
14.40163,13.49569,13.38148
14.39578,13.49006,13.37258
14.3892,13.49006,13.36329
14.37393,13.48577,13.35614
14.3651,13.48171,13.34613
14.3651,13.46865,13.34044
14.35369,13.46865,13.30968
14.34063,13.46317,13.30968
14.30968,13.45365,13.29824
14.30968,13.44275,13.28629
14.29244,13.43025,13.26295
14.27428,13.41864,13.26295
14.25655,13.38023,13.25009
14.23812,13.38023,13.2255
14.17856,13.36668,13.2255
14.17856,13.35258,13.21344
14.15945,13.34474,13.19295
14.14112,13.33142,13.17388
14.12313,13.31858,13.17388
14.10566,13.30927,13.16371
14.08966,13.29739,13.15594
14.07513,13.28508,13.1481
14.06136,13.26938,13.14239
14.04754,13.26073,13.13505
14.03463,13.26073,13.12393
14.02258,13.25892,13.11775
14.01197,13.25235,13.11154
14.00215,13.24605,13.10574
13.99393,13.23595,13.09343
13.9853,13.23595,13.08977
13.97721,13.2336,13.08977
13.96167,13.23117,13.08195
13.96167,13.22888,13.08012
13.95604,13.22712,13.0787
13.94725,13.22206,13.0787
13.94087,13.21962,13.07866
13.93457,13.21962,13.07734
13.91302,13.21779,13.07895
13.91302,13.21512,13.08135
13.90659,13.213,13.08387
13.89477,13.21005,13.09079
13.88836,13.20574,13.09079
13.88291,13.20291,13.09086
13.86706,13.1999,13.09325
13.86706,13.19888,13.09626
13.86088,13.19794,13.09788
13.85467,13.19794,13.09964
13.84837,13.20251,13.10074
13.84241,13.20048,13.10192
13.96894,13.19852,13.10216
13.96894,13.19807,13.10213
14.03364,13.19868,13.09864
14.02729,13.19688,13.09567
14.02051,13.19433,13.09567
14.01316,13.19385,13.09054
14.00174,13.19102,13.08588
13.99307,13.18726,13.0794
13.99044,13.18022,13.06135
13.9819,13.18022,13.06135
13.97264,13.17506,13.05229
13.9829,13.16862,13.04223
13.96157,13.16111,13.03063
13.95708,13.15489,13.01714
13.95708,13.146,13.00339
13.94492,13.1359,12.98952
13.93181,13.12586,12.97345
13.92945,13.11771,12.95799
13.89856,13.10718,12.92535
13.89856,13.09703,12.92535
13.8877,13.07224,12.90908
13.87199,13.07224,12.89137
13.84021,13.05836,12.87492
13.81369,13.0451,12.85837
13.81369,13.03127,12.84045
13.8018,13.0162,12.81065
13.79037,13.0012,12.81065
13.77992,12.98463,12.79507
13.76943,12.96876,12.78151
13.75466,12.95989,12.76801
13.74461,12.94546,12.75336
13.7354,12.93537,12.71793
13.72618,12.91179,12.71793
13.7171,12.91179,12.70792
13.71298,12.90302,12.69746
13.70398,12.893,12.6862
13.69546,12.88315,12.67637
13.69155,12.8736,12.66681
13.68362,12.8695,12.65767
13.67614,12.86143,12.64897
13.67342,12.85379,12.64027
13.65873,12.84784,12.63128
13.65336,12.84079,12.61433
13.65336,12.83243,12.60577
13.646,12.82565,12.59757
13.63023,12.81914,12.59757
13.62609,12.81207,12.58885
13.62609,12.80687,12.57157
13.62079,12.80167,12.57157
13.61571,12.7919,12.56213
13.61032,12.78209,12.55442
13.60409,12.77368,12.54533
13.60004,12.77368,12.53615
13.58804,12.76757,12.51017
13.58804,12.76085,12.51017
13.58155,12.75307,12.5034
13.57482,12.73942,12.49558
13.56737,12.73942,12.48794
13.54309,12.73347,12.47953
13.54309,12.72698,12.47318
13.54083,12.72146,12.46749
13.53203,12.71553,12.46184
13.52246,12.70256,12.45614
13.51807,12.70256,12.45041
13.50795,12.69353,12.4447
13.49714,12.6856,12.43245
13.48978,12.67781,12.42466
13.4782,12.65962,12.41622
13.46555,12.65252,12.40694
13.45404,12.64401,12.39748
13.42424,12.63687,12.38727
13.42424,12.62976,12.3773
13.41095,12.6215,12.36773
13.39459,12.61292,12.35802
13.3777,12.60364,12.34871
13.34941,12.59276,12.34037
13.34941,12.58261,12.31746
13.33802,12.57199,12.31746
13.32279,12.56068,12.31128
13.30836,12.54896,12.30556
13.29501,12.53572,12.30103
13.27301,12.52172,12.29665
13.27301,12.508,12.2932
13.26375,12.49322,12.29109
13.2531,12.47866,12.28911
13.2428,12.44865,12.28727
13.2325,12.43382,12.28669
13.20412,12.41937,12.2846
13.20412,12.40507,12.28391
13.19382,12.39131,12.28316
13.18499,12.37902,12.28219
13.17639,12.36793,12.28109
13.16593,12.35853,12.27997
13.15841,12.34818,12.27969
13.15101,12.33829,12.27834
13.14071,12.32976,12.27832
13.13319,12.32146,12.27834
13.12575,12.31417,12.27894
13.11885,12.30737,12.27894
13.10364,12.30134,12.27919
13.09441,12.29558,12.2797
13.08736,12.28852,12.27989
13.08017,12.27489,12.27999
13.07365,12.26861,12.28089
13.06674,12.26255,12.28143
13.05938,12.25722,12.28143
13.05167,12.25209,12.2819
13.04219,12.24678,12.28295
13.03215,12.24158,12.28392
13.02489,12.23538,12.28594
13.01375,12.23053,12.28734
13.00219,12.22643,12.28848
12.99425,12.22177,12.28888
12.98188,12.21806,12.28844
12.97239,12.21492,12.287
12.94742,12.21021,12.28551
12.94742,12.20659,12.28438
12.93883,12.20335,12.28387
12.92796,12.19964,12.28391
12.91729,12.19424,12.28426
12.90673,12.19424,12.28573
12.88416,12.19139,12.29017
12.88416,12.18951,12.29176
12.87358,12.18789,12.29176
12.86135,12.1842,12.29292
12.84857,12.1842,12.29378
12.83486,12.18273,12.29395
12.80697,12.18096,12.29395
12.80697,12.17973,12.29245
12.79135,12.17875,12.2892
12.77863,12.17821,12.2846
12.76594,12.17757,12.27534
12.75088,12.17694,12.27534
12.71862,12.17694,12.2569
12.71862,12.17732,12.25067
12.71061,12.1777,12.25067
12.70333,12.17714,12.24414
12.69731,12.17714,12.234
12.69209,12.17649,12.234
12.68793,12.17544,12.22925
12.68793,12.17331,12.2243
12.67861,12.17043,12.22009
12.67568,12.16667,12.21343
12.67297,12.15227,12.21058
12.66988,12.15227,12.21058
12.66874,12.14669,12.20794
12.66874,12.14084,12.20753
12.66588,12.13409,12.20693
12.66456,12.11944,12.20647
12.65894,12.11944,12.20698
12.65894,12.10964,12.20698
12.65628,12.09952,12.20578
12.66148,12.08876,12.20648
12.65726,12.07634,12.20759
12.65325,12.03526,12.20706
12.64979,12.03526,12.2076
12.65042,12.02056,12.20866
12.65042,12.00481,12.2089
12.6496,11.98757,12.20983
12.64754,11.97027,12.21086
12.64584,11.95392,12.21237
12.64436,11.93874,12.21237
12.63703,11.92355,12.21216
12.62816,11.90853,12.21144
12.62277,11.88271,12.21003
12.61522,11.88271,12.2083
12.60895,11.8711,12.35083
12.60219,11.8602,12.34827
12.5935,11.8498,12.34501
12.58606,11.84029,12.32237
12.57838,11.83103,12.31794
12.55887,11.81447,12.31311
12.54869,11.80692,12.18456
12.54869,11.80692,12.18456
12.53775,11.79897,12.17926
12.52683,11.79156,12.16506
12.5048,11.78448,12.15879
12.5048,11.7628,12.15191
12.49335,11.7628,12.1328
12.48211,11.75559,12.1328
12.47122,11.74822,12.12434
12.46034,11.73478,12.11495
12.43228,11.73478,12.10637
12.42343,11.72852,12.09775
12.41567,11.72001,12.08019
12.4095,11.71274,12.08019
12.40352,11.70585,12.07264
12.3978,11.69145,12.0643
12.38835,11.68703,12.05646
12.38221,11.68269,12.04903
12.37615,11.6787,12.03792
12.36845,11.67486,12.03352
12.3628,11.67189,12.03352
12.35758,11.66819,12.03074
12.34983,11.66474,12.02638
12.34429,11.66149,12.02189
12.339,11.65887,12.01695
12.3329,11.65677,12.01695
12.32815,11.65194,12.01153
12.32338,11.65002,12.00813
12.31236,11.65002,12.0045
12.30705,11.64815,11.99629
12.30269,11.64662,11.99159
12.29854,11.64533,11.99159
12.29437,11.64327,11.98267
12.29289,11.64327,11.97867
12.28941,11.64258,11.97545
12.28613,11.64189,11.97189
12.28275,11.64144,11.96714
12.27923,11.64079,11.96714
12.27601,11.64049,11.96512
12.27074,11.64076,11.96566
12.2681,11.64117,11.96368
12.26594,11.64117,11.96285
12.26326,11.64381,11.95829
12.2603,11.64556,11.95829
12.2577,11.64831,11.9554
12.25389,11.64831,11.95291
12.24952,11.65616,11.95049
12.24952,11.66101,11.94735
12.23912,11.66627,11.94614
12.23324,11.67155,11.94614
12.21998,11.68164,11.94291
12.21266,11.68164,11.94109
12.20501,11.68866,11.93869
12.19602,11.69558,11.93605
12.18585,11.70287,11.9309
12.1746,11.71839,11.9309
12.16253,11.71839,11.92743
12.16253,11.72633,11.92278
12.13601,11.73376,11.91788
12.13601,11.74189,11.91542
12.12159,11.75249,11.90404
12.09109,11.77262,11.89754
12.07571,11.78359,11.89171
12.06026,11.78359,11.88416
12.04544,11.79556,11.87605
12.04544,11.80857,11.86908
12.01711,11.82426,11.85967
11.99018,11.85802,11.84913
11.97774,11.85802,11.83772
11.97774,11.87711,11.82533
11.96626,11.89604,11.81334
11.95364,11.91511,11.80228
11.94195,11.93454,11.79074
11.91803,12.19202,11.7805
11.91803,12.19202,11.77063
11.90737,12.2215,11.76195
11.89761,12.23745,11.75439
11.88876,12.25381,11.74131
11.87285,12.26356,11.73704
11.86657,12.27939,11.73704
11.86082,12.27939,11.73591
11.85455,12.31101,11.73401
11.84974,12.31101,11.73354
11.84522,12.3272,11.73207
11.84168,12.36033,11.73207
11.83783,12.38814,11.73378
11.83442,12.40159,11.73437
11.83093,12.41393,11.73478
11.82824,12.42484,11.73722
11.82762,12.43346,11.7328
11.82491,12.44163,11.7328
11.82333,12.44862,11.73322
11.82096,12.45048,11.73187
11.81979,12.45048,11.73002
11.81942,12.45683,11.72519
11.81862,12.45903,11.72519
11.81618,12.47319,11.7219
11.81618,12.47855,11.71125
11.8157,12.47855,11.70722
11.81673,12.48355,11.70821
11.81957,12.48737,11.69859
11.82108,12.48823,11.69312
11.82185,12.48823,11.69312
11.82245,12.48766,11.68741
11.82336,12.48419,11.68091
11.823,12.48126,11.67413
11.82248,12.47711,11.65686
11.82046,12.46435,11.64775
11.82046,12.46435,11.63649
11.82179,12.46001,11.63649
11.82052,12.45562,11.60948
11.81883,12.45103,11.5939
11.81676,12.44051,11.57816
11.81508,12.44051,11.57816
11.81214,12.43506,11.54369
11.80947,12.42935,11.5258
11.794,12.42319,11.50891
11.78314,12.41659,11.50891
11.77694,12.40265,11.4603
11.77069,12.39657,11.44618
11.76506,12.39176,11.44618
11.74746,12.38698,11.43287
11.74746,12.38155,11.41977
11.74248,12.37668,11.40552
11.74248,12.37203,11.38028
11.73075,12.36748,11.38028
11.72788,12.36422,11.3681
11.72252,12.36014,11.35728
11.72252,12.35622,11.34761
11.71395,12.34887,11.32259
11.70892,12.34887,11.32259
11.70566,12.34503,11.31406
11.69647,12.34154,11.30463
11.68834,12.33799,11.29659
11.68854,12.33425,11.27925
11.6863,12.33076,11.27925
11.68444,12.32689,11.27297
11.68402,12.32256,11.26426
11.68358,12.31667,11.25569
11.68353,12.31046,11.23607
11.68273,12.30372,11.23607
11.68301,12.28886,11.23017
11.68375,12.28886,11.22632
11.68466,12.28097,11.22632
11.68574,12.27381,11.21593
11.68703,12.2668,11.21593
11.68728,12.25936,11.19994
11.6884,12.25236,11.19994
11.68944,12.2457,11.19375
11.69051,12.23997,11.18874
11.69115,12.2349,11.18412
11.69176,12.2302,11.17494
11.69176,12.22585,11.16996
11.69439,12.21934,11.16996
11.69657,12.21934,11.1631
11.69868,12.21728,11.15752
11.70078,12.21565,11.15116
11.70324,12.21472,11.14584
11.70525,12.21486,11.13546
11.70666,12.21486,11.13546
11.70916,12.21516,11.13015
11.71094,12.21646,11.12477
11.71246,12.21747,11.11789
11.71428,12.21941,11.10427
11.71629,12.22249,11.10427
11.71741,12.23761,11.09671
11.71741,12.23761,11.08896
11.71643,12.24328,11.08082
11.71494,12.24916,11.07258
11.71453,12.25506,11.04587
11.7125,12.26709,11.04587
11.71027,12.26709,11.03718
11.70909,12.27451,11.02934
11.70592,12.28081,11.00853
11.70248,12.28644,11.00853
11.69593,12.29162,11.00853
11.69593,12.30395,11.00083
11.69134,12.30395,10.9942
11.68801,12.30408,10.98321
11.68283,12.30424,10.97806
11.67742,12.30338,10.9737
11.65812,12.29837,10.97019
11.65812,12.29837,10.96636
11.65001,12.29446,10.96296
11.6413,12.29446,10.96054
11.63238,12.28711,10.95608
11.62333,12.27603,10.95608
11.61417,12.27603,10.95397
11.60544,12.27153,10.95222
11.59651,12.26604,10.95095
11.58754,12.26017,10.95122
11.57894,12.25358,10.95158
11.56397,12.24618,10.95276
11.56397,12.2395,10.95313
11.55701,12.23312,10.95427
11.54948,12.22601,10.95541
11.54253,12.21993,10.95695
11.53534,12.21189,10.95928
11.5237,12.19536,10.95928
11.5237,12.19536,10.96183
11.51739,12.1863,10.96371
11.51096,12.17763,10.9652
11.50545,12.16865,10.96649
11.49975,12.15872,10.96653
11.49452,12.13998,10.96666
11.48934,12.13998,10.96643
11.48316,12.13054,10.96607
11.47868,12.12067,10.96559
11.47436,12.1099,10.96431
11.47034,12.099,10.96006
11.4615,12.06931,10.95828
11.45734,12.06931,10.95828
11.45734,12.06005,10.95556
11.44618,12.05081,10.95294
11.44119,12.04097,10.95109
11.43643,12.03042,10.94314
11.43107,12.0191,10.93929
11.42607,12.00779,10.93929
11.41994,11.99613,10.93463
11.41473,11.98411,10.9299
11.4096,11.96073,10.92158
11.39741,11.94836,10.916
11.39741,11.94836,10.916
11.39265,11.92606,10.91062
11.38779,11.91502,10.90027
11.383,11.9052,10.89606
11.37685,11.89662,10.89152
11.36674,11.88777,10.88695
11.36674,11.88777,10.88695
11.36154,11.87388,10.88242
11.35604,11.86711,10.87835
11.34989,11.86053,10.87199
11.34264,11.84821,10.86437
11.33521,11.84345,10.86437
11.32729,11.84345,10.86159
11.31895,11.84032,10.8593
11.31085,11.83729,10.85757
11.30252,11.83321,10.85582
11.2832,11.83096,10.85398
11.27287,11.83096,10.85398
11.26336,11.83657,10.85387
11.25543,11.83659,10.85403
11.24706,11.83697,10.85492
11.23826,11.83268,10.85618
11.22963,11.83366,10.8596
11.22963,11.83301,10.86177
11.21376,11.83391,10.86406
11.20862,11.83478,10.86617
11.20203,11.83551,10.86727
11.19599,11.82789,10.86972
11.18651,11.82773,10.87205
11.18154,11.82716,10.87259
11.18154,11.82859,10.87441
11.17898,11.8275,10.87627
11.17055,11.8275,10.878
11.16909,11.81398,10.8824
11.16571,11.8074,10.88454
11.16571,11.80249,10.88605
11.16142,11.79666,10.88816
11.15927,11.78951,10.88967
11.15707,11.77634,10.89117
11.15422,11.76822,10.892
11.15422,11.75362,10.892
11.15239,11.74461,10.89298
11.14748,11.73559,10.89395
11.14634,11.72311,10.89396
11.14562,11.70541,10.89347
11.14211,11.70541,10.89201
11.14211,11.69375,10.89089
11.14129,11.6838,10.89089
11.13907,11.67358,10.88752
11.13673,11.66187,10.88588
11.13435,11.64299,10.88375
11.13317,11.64299,10.88109
11.12991,11.64008,10.87834
11.12759,11.63036,10.87512
11.12395,11.61981,10.8709
11.12004,11.59999,10.86744
11.11663,11.58858,10.86398
11.10259,11.57796,10.86134
11.10259,11.56571,10.85896
11.09661,11.5518,10.85645
11.09029,11.53695,10.85363
11.08311,11.52308,10.84791
11.06723,11.50685,10.84525
11.06723,11.49358,10.84274
11.05869,11.47977,10.84024
11.05008,11.46748,10.83728
11.04128,11.45878,10.83244
11.03266,11.44149,10.82972
11.01521,11.44149,10.82972
11.01521,11.43424,10.82772
11.00633,11.43424,10.82571
10.99882,11.41935,10.82126
10.99218,11.41935,10.82126
10.98589,11.40499,10.81927
10.97073,11.40197,10.81758
10.97073,11.39857,10.81626
10.96703,11.39701,10.81519
10.96366,11.39701,10.81428
10.96103,11.39607,10.81345
10.95829,11.38509,10.81345
10.95689,11.38509,10.81328
10.95595,11.38676,10.81307
10.95512,11.38806,10.81326
10.95461,11.38999,10.81535
10.95485,11.3972,10.81779
10.95864,11.3972,10.82075
10.95877,11.39819,10.82521
10.9606,11.40053,10.83081
10.96245,11.40159,10.84436
10.96437,11.40287,10.84436
10.9645,11.40578,10.85302
10.96666,11.40509,10.86219
10.96731,11.40509,10.87217
10.96856,11.40509,10.88311
10.96987,11.40385,10.90601
10.9696,11.40078,10.90601
10.96957,11.39678,10.91824
10.96957,11.39678,10.93093
10.96919,11.38706,10.94427
10.96849,11.38111,10.95868
10.96693,11.38111,10.98725
10.9648,11.37443,11.00228
10.96256,11.35304,11.01951
10.96053,11.35304,11.03474
10.95755,11.34405,11.04952
10.95438,11.33266,11.06604
10.95072,11.32093,11.08025
10.941,11.30893,11.09448
10.941,11.2852,11.11134
10.93466,11.2852,11.11134
10.92847,11.27309,11.13914
10.92233,11.26103,11.13914
10.90959,11.24924,11.18028
10.90366,11.23733,11.19204
10.89766,11.21462,11.20351
10.89766,11.20643,11.21486
10.88746,11.20009,11.22723
10.88746,11.20009,11.23706
10.88222,11.19463,11.24649
10.87445,11.18917,11.25619
10.87062,11.17894,11.26517
10.86708,11.17462,11.2741
10.86708,11.17462,11.29175
10.86371,11.16911,11.29175
10.85488,11.16911,11.29989
10.85169,11.16671,11.30841
10.85169,11.16117,11.31698
10.84958,11.16008,11.32486
10.84683,11.16008,11.33983
10.84683,11.1587,11.33983
10.84632,11.15744,11.34737
10.84908,11.15714,11.35485
10.85545,11.15714,11.36258
10.85545,11.15769,11.37034
10.85724,11.15772,11.38599
10.85997,11.15825,11.39396
10.86412,11.15744,11.40256
10.86824,11.15692,11.40256
10.87269,11.15692,11.42026
10.87731,11.15676,11.42734
10.88121,11.15696,11.43717
10.88449,11.15715,11.44671
10.88714,11.15747,11.45779
10.89253,11.15716,11.46807
10.89485,11.15715,11.46807
10.89485,11.1567,11.48893
10.89733,11.15587,11.50784
10.89973,11.15451,11.50784
10.90206,11.15218,11.51683
10.90293,11.15087,11.52569
10.90293,11.15087,11.53499
10.90329,11.15021,11.55163
10.90444,11.14948,11.55163
10.90617,11.14844,11.56135
10.90591,11.14608,11.5711
10.90591,11.14608,11.58149
10.90552,11.14523,11.59346
10.90306,11.14458,11.61713
10.90306,11.14401,11.61713
10.90254,11.14447,11.63071
10.89912,11.14426,11.64352
10.89912,11.14426,11.65674
10.89674,11.14311,11.67311
10.89589,11.14311,11.70471
10.89523,11.14222,11.70471
10.89365,11.1405,11.7208
10.89284,11.13983,11.73878
10.89216,11.13983,11.75704
10.89127,11.1377,11.77322
10.89048,11.1377,11.80604
10.88937,11.13656,11.80604
10.88561,11.13351,11.82289
10.88561,11.13233,11.83898
10.88411,11.13233,11.85495
10.88244,11.13145,11.86962
10.88081,11.13049,11.90857
10.87922,11.12778,11.90857
10.87786,11.12778,11.92195
10.87661,11.12574,11.93273
10.8754,11.12316,11.93273
10.87435,11.12046,11.95355
10.87333,11.111,11.97703
10.87239,11.111,11.97703
10.87031,11.10744,11.98759
10.86915,11.10359,11.99841
10.86763,11.09927,12.0142
10.86598,11.09557,12.02582
10.86442,11.09168,12.03776
10.86126,11.08798,12.05426
10.86126,11.08468,12.0672
10.85913,11.0804,12.08111
10.85715,11.07641,12.09645
10.85507,11.07214,12.11097
10.85271,11.0625,12.12603
10.85079,11.0625,12.14182
10.84943,11.05786,12.15838
10.84814,11.05258,12.17419
10.84704,11.04811,12.20457
10.84693,11.04426,12.21929
10.84735,11.04337,12.21929
10.85046,11.04233,12.2478
10.85345,11.04397,12.2478
10.85707,11.04644,12.2723
10.8615,11.04982,12.29729
10.86771,11.05331,12.29729
10.8737,11.06072,12.31173
10.88047,11.06529,12.32381
10.88943,11.06529,12.33591
10.89948,11.0672,12.35037
10.91044,11.07166,12.37561
10.92336,11.07611,12.37561
10.95897,11.08274,12.39295
10.95897,11.08559,12.40725
10.9738,11.08559,12.4215
10.98799,11.08883,12.43704
11.00513,11.09032,12.46725
11.0209,11.09518,12.48623
11.03732,11.10318,12.48623
11.05642,11.10318,12.5188
11.0743,11.10433,12.53614
11.09213,11.10584,12.55784
11.14552,11.10751,12.57561
11.14552,11.1129,12.59298
11.16425,11.11554,12.60963
11.18142,11.12543,12.62525
11.1982,11.12965,12.64075
11.21477,11.13488,12.64075
11.24349,11.13974,12.67275
11.24349,11.13974,12.68725
11.24349,11.15138,12.70191
11.27331,11.15942,12.71646
11.28682,11.16278,12.73038
11.30118,11.16455,12.75304
11.31337,11.1678,12.75304
11.32533,11.17066,12.76728
11.33749,11.17183,12.77992
11.34956,11.1701,12.79264
11.36164,11.16874,12.80601
11.38412,11.16571,12.81965
11.39554,11.15384,12.83417
11.39554,11.14517,12.85191
11.40698,11.14517,12.86731
11.41698,11.13413,12.88354
11.42857,11.12291,12.90284
11.4466,11.11077,12.93801
11.45513,11.08403,12.95904
11.45513,11.08403,12.95904
11.46711,11.06899,12.97786
11.47508,11.0554,13.01372
11.48988,11.04238,13.03334
11.51161,11.00731,13.05004
11.51161,11.00731,13.06895
11.52405,10.99729,13.06895
11.53036,10.98798,13.08457
11.53596,10.9785,13.11318
11.54413,10.96959,13.11318
11.54892,10.95282,13.0837
11.55378,10.94479,13.0837
11.56443,10.94479,13.09415
11.56906,10.93734,13.10422
11.5731,10.93011,13.15599
11.57643,10.92322,13.16524
11.57643,10.90631,13.17447
11.57849,10.90099,13.18011
11.58085,10.90099,13.18887
11.58426,10.89558,13.19772
11.5879,10.88869,13.20425
11.59744,10.88151,13.22201
11.60282,10.87427,13.2323
11.60282,10.86588,13.2323
11.61049,10.85772,13.23282
11.61872,10.84835,13.24405
11.62375,10.81882,13.25727
11.64358,10.80957,13.25727
11.64358,10.80957,13.27688
11.65035,10.80194,13.28839
11.6615,10.79519,13.28839
11.67325,10.78949,13.30818
11.68629,10.78264,13.33037
11.69653,10.77824,13.33037
11.73713,10.77824,13.34005
11.74979,10.77794,13.35185
11.74979,10.77369,13.36435
11.76375,10.76329,13.37618
11.7843,10.76329,13.38921
11.7843,10.76047,13.40232
11.79367,10.75701,13.41647
11.80425,10.75463,13.4308
11.81459,10.753,13.44496
11.82411,10.74977,13.4741
11.8516,10.74793,13.4894
11.8516,10.74672,13.4894
11.86391,10.74229,13.52072
11.87456,10.74113,13.5381
11.88527,10.74045,13.55579
11.90855,10.73832,13.57467
11.90855,10.7372,13.57467
11.91968,10.7353,13.59197
11.93205,10.7353,13.61405
11.9447,10.73334,13.63026
11.95749,10.7284,13.6589
11.97128,10.7284,13.68306
11.99858,10.72626,13.68306
11.99858,10.72447,13.69379
12.01062,10.72305,13.70077
12.02405,10.72093,13.70648
12.03804,10.7185,13.71622
12.08313,10.70937,13.72117
12.08313,10.70937,13.72581
12.09688,10.70591,13.73301
12.10952,10.70206,13.7379
12.12284,10.69783,13.74314
12.14923,10.78155,13.75953
12.14923,10.77668,13.76704
12.16117,10.77215,13.76704
12.17371,10.78811,13.77569
12.18606,10.78388,13.79309
12.20031,10.77985,13.79309
12.23559,10.75961,13.81072
12.23559,10.75692,13.82075
12.2465,10.75692,13.82075
12.25845,10.7343,13.8348
12.25845,10.73259,13.85765
12.28417,10.72585,13.86953
12.29845,10.72585,13.89675
12.31343,10.72495,13.89675
12.32813,10.7272,13.89675
12.34295,10.72749,13.91015
12.3582,10.72773,13.93933
12.3895,10.73267,13.95395
12.40445,10.73267,13.96952
12.40445,10.73449,13.96952
12.42109,10.73511,13.98618
12.43649,10.73769,14.00444
12.46457,10.74048,14.0228
12.46457,10.7439,14.06345
12.4784,10.74751,14.10292
12.49149,10.7512,14.10292
12.50567,10.75749,14.12449
12.51976,10.76159,14.14269
12.54714,10.77157,14.16146
12.54714,10.77616,14.18825
12.56127,10.77616,14.24401
12.57168,10.7806,14.24401
12.58432,10.78468,14.2578
12.59635,10.78795,14.27594
12.61959,10.79438,14.29331
12.61959,10.79438,14.30967
12.6301,10.79725,14.32646
12.64064,10.79913,14.33885
12.65174,10.80127,14.35491
12.66305,10.8037,14.37084
12.67568,10.80353,14.38687
12.69962,10.80353,14.41672
12.71298,10.8034,14.43165
12.71298,10.7968,14.43165
12.72657,10.79547,14.44542
12.74006,10.79444,14.47387
12.74235,10.79206,14.48437
12.78408,10.7905,14.48437
12.78408,10.78914,14.49711
12.79245,10.78656,14.51004
12.80371,10.78483,14.52192
12.81886,10.78072,14.53378
12.81886,10.78072,14.56421
12.83146,10.77901,14.56421
12.83972,10.77741,14.59102
12.8526,10.77617,14.60067
12.86517,10.77497,14.61039
12.8848,10.77056,14.62585
12.8848,10.77056,14.63669
12.89798,10.76937,14.64762
12.90088,10.76776,14.66205
12.91549,10.76668,14.67396
12.93048,10.76561,14.68861
12.94422,10.76483,14.71547
12.9942,10.76304,14.71547
12.9942,10.76218,14.72954
13.01106,10.76516,14.74414
13.0278,10.76447,14.7592
13.04453,10.76398,14.77408
13.06,10.76309,14.80396
13.07594,10.76273,14.80396
13.08841,10.76273,14.81624
13.10475,10.76269,14.82777
13.12011,10.76234,14.83968
13.13426,10.76254,14.85148
13.16132,10.75844,14.87278
13.17516,10.75844,14.87278
13.17516,10.75844,14.88326
13.18615,10.75735,14.89235
13.19846,10.7572,14.90989
13.22164,10.75654,14.90989
13.22164,10.75654,14.93443
13.23456,10.75623,14.93443
13.24463,10.75597,14.94236
13.27158,10.75589,14.94236
13.27158,10.75586,14.95638
13.29441,10.75568,14.96357
13.29441,10.75568,14.97064
13.30746,10.75501,14.9779
13.31881,10.75464,14.98649
13.33294,10.75435,14.9945
13.34783,10.7537,15.00283
13.39378,10.75332,15.01197
13.39378,10.75296,15.02919
13.40994,10.75255,15.02919
13.42562,10.75231,15.03815
13.44057,10.75204,15.05685
13.45248,10.75228,15.06697
13.48296,10.75184,15.06697
13.48296,10.75184,15.07546
13.49307,10.7506,15.08193
13.50679,10.75008,15.08965
13.52089,10.74953,15.09703
13.53532,10.74825,15.10405
13.57341,10.74825,15.11592
13.57341,10.74727,15.12184
13.58719,10.74632,15.12184
13.6016,10.74382,15.12616
13.61665,10.74253,15.13129
13.64795,10.73862,15.13652
13.64795,10.73862,15.14148
13.66356,10.73666,15.14647
13.67605,10.73419,15.1512
13.69207,10.72899,15.15608
13.72811,10.72899,15.1617
13.72811,10.72259,15.16801
13.74675,10.71905,15.17921
13.76885,10.71905,15.17921
13.78829,10.71577,15.18556
13.80784,10.7122,15.19125
13.82914,10.70823,15.19789
13.88411,10.70131,15.20562
13.88411,10.69838,15.22915
13.90201,10.69602,15.22915
13.91931,10.69602,15.23927
13.95598,10.69165,15.24898
13.95598,10.68964,15.25922
13.97266,10.68576,15.27026
13.9905,10.68521,15.28173
14.00563,10.68511,15.29415
14.0205,10.68472,15.30707
14.04072,10.6849,15.3211
14.06907,10.68617,15.33553
14.08926,10.68804,15.36196
14.08926,10.69078,15.36196
14.10409,10.69427,15.37461
14.11881,10.69893,15.38749
14.13786,10.70408,15.40099
14.16946,10.70992,15.41463
14.18808,10.71589,15.4276
14.20515,10.72229,15.43988
14.22211,10.72923,15.45284
14.23771,10.73601,15.46795
14.25684,10.74334,15.48146
14.27611,10.75107,15.49443
14.29466,10.75948,15.50835
14.3121,10.77016,15.5207
14.32935,10.78047,15.53267
14.43927,10.79107,15.5448
14.45525,10.80348,15.55719
14.47014,10.82547,15.56951
14.54128,10.82547,15.59431
14.55548,10.83622,15.60742
14.5693,10.84678,15.60742
14.58287,10.85749,15.6231
14.61656,10.88082,15.63717
14.61656,10.88082,15.6668
14.6313,10.89188,15.6668
14.64537,10.90281,15.68258
14.65912,10.91406,15.70214
14.67437,10.92562,15.71872
14.68938,10.95921,15.73637
14.70436,10.95921,15.75546
14.70807,10.9695,15.81239
14.72406,10.97553,15.81239
14.74048,10.98356,15.8301
14.74235,10.99058,15.84701
14.77674,10.99731,15.86262
14.77674,11.00409,15.87812
14.79253,11.01368,15.8919
14.80952,11.02022,15.90714
14.82548,11.02613,15.92148
14.86518,11.03662,15.93465
14.86518,11.03662,15.94746
14.87818,11.043,15.97068
14.88954,11.04927,15.97068
14.89966,11.05657,15.98074
14.90934,11.06408,15.9922
14.91958,11.07914,16.00361
14.92949,11.07914,16.02718
14.93947,11.08916,16.02718
14.94845,11.10065,16.03995
14.95663,11.11288,16.05506
14.96256,11.12536,16.06928
14.96993,11.15217,16.08343
14.97723,11.16496,16.10154
14.98444,11.17704,16.14518
14.99157,11.18689,16.14518
14.99157,11.1959,16.16536
15.00648,11.21087,16.18094
15.02696,11.21972,16.1962
15.03223,11.2289,16.2217
15.03223,11.24163,16.23777
15.04178,11.25116,16.25952
15.05123,11.26149,16.27406
15.05915,11.28806,16.28765
15.06904,11.28806,16.30417
15.07977,11.30062,16.3319
15.08939,11.31623,16.34381
15.09973,11.32938,16.34381
15.10977,11.35575,16.35713
15.11695,11.35575,16.37032
15.12537,11.37315,16.37962
15.13378,11.38666,16.40755
15.13884,11.40067,16.40755
15.14732,11.41146,16.41729
15.15533,11.43232,16.43141
15.17009,11.4412,16.44593
15.17711,11.4412,16.4545
15.18195,11.44903,16.49538
15.18848,11.4617,16.49538
15.19469,11.46854,16.5121
15.19812,11.47557,16.52895
15.20387,11.49243,16.54256
15.20905,11.49243,16.56026
15.21463,11.49879,16.5787
15.21976,11.50476,16.59409
15.22475,11.5173,16.6126
15.22796,11.53309,16.63141
15.2369,11.53949,16.64452
15.24593,11.53949,16.68075
15.24987,11.54606,16.68075
15.25253,11.56124,16.69404
15.25711,11.56794,16.70979
15.26223,11.57748,16.72591
15.26879,11.58518,16.74062
15.27499,11.59355,16.75699
15.28169,11.60156,16.77326
15.2885,11.61023,16.78332
15.2955,11.62,16.8002
15.30268,11.63954,16.81763
15.30806,11.63954,16.82689
15.31697,11.64826,16.86301
15.32648,11.65705,16.86301
15.33719,11.66584,16.88155
15.34798,11.67477,16.90038
15.35895,11.69171,16.91946
15.37033,11.69171,16.94343
15.38261,11.69947,16.96064
15.39577,11.70934,16.98055
15.41232,11.71831,17.00242
15.42569,11.72748,17.02414
15.43847,11.74669,17.0454
15.45452,11.75669,17.0661
15.46739,11.76753,17.08706
15.48002,11.77831,17.10578
15.49442,11.78949,17.12554
15.50572,11.80127,17.14128
15.51657,11.81302,17.15703
15.52776,11.82485,17.17445
15.54012,11.8367,17.20504
15.55234,11.84937,17.20504
15.56429,11.86315,17.22391
15.57518,11.88947,17.23808
15.58804,11.88947,17.25163
15.59966,11.90514,17.26495
15.61361,11.92388,17.29772
15.61361,11.94059,17.29772
15.63913,11.97669,17.31006
15.66973,11.97669,17.32429
15.66973,11.99216,17.33911
15.68132,12.00947,17.35829
15.69762,11.97416,17.38902
15.71363,11.99222,17.40072
15.73105,12.00944,17.40072
15.74901,12.0375,17.41611
15.76684,12.05278,17.44879
15.78599,12.06171,17.48321
15.80505,12.07788,17.48321
15.821,12.09365,17.49792
15.87813,12.10711,17.51468
15.87813,12.12182,17.5308
15.89258,12.13628,17.55046
15.90903,12.13535,17.56574
15.92574,12.14968,17.58027
15.94195,12.16403,17.59821
15.95743,12.19347,17.61268
15.97407,12.19347,17.62728
15.98905,12.20656,17.64458
16.00385,12.22918,17.67375
16.01902,12.24335,17.68868
16.0505,12.25777,17.70317
16.0505,12.28503,17.70317
16.067,12.28503,17.71854
16.08435,12.30049,17.73566
16.10217,12.31513,17.766
16.12028,12.33165,17.766
16.15948,12.36591,17.77921
16.17961,12.38287,17.79475
16.1998,12.39942,17.81097
16.2212,12.4151,17.82949
16.24173,12.43039,17.88514
16.26323,12.44517,17.88514
16.28181,12.45764,17.88514
16.29931,12.47187,17.90372
16.31638,12.48541,17.9222
16.33362,12.50153,17.94649
16.33362,12.51429,17.98134
16.36922,12.52677,17.98134
16.40381,12.55312,18.00275
16.41998,12.55312,18.02036
16.41998,12.56682,18.0375
16.4521,12.5782,18.07112
16.47012,12.59249,18.07112
16.48712,12.61517,18.08477
16.50458,12.61517,18.09907
16.52201,12.6294,18.11328
16.54077,12.64404,18.12739
16.56038,12.6565,18.16376
16.56038,12.67223,18.16376
16.60267,12.70473,18.17879
16.62426,12.72323,18.19217
16.64526,12.7419,18.20606
16.66726,12.75921,18.22082
16.68961,12.77727,18.25132
16.73535,12.79585,18.26484
16.73535,12.81232,18.26484
16.75625,12.82976,18.281
16.77676,12.84515,18.29811
16.79776,12.86281,18.33692
16.81879,12.87536,18.33692
16.85948,12.8882,18.35683
16.85948,12.91406,18.37753
16.88113,12.91406,18.39625
16.901,12.92238,18.41667
16.92057,12.93352,18.43462
16.93978,12.94413,18.48701
16.98093,12.96716,18.48701
17.00207,12.96716,18.50374
17.02306,12.979,18.52058
17.04584,12.99097,18.53642
17.06957,13.00401,18.55285
17.0936,13.01571,18.56956
17.1174,13.02722,18.58585
17.14107,13.06502,18.60211
17.16926,13.06502,18.61869
17.19275,13.07703,18.63453
17.21528,13.07703,18.68503
17.23266,13.11623,18.68503
17.25417,13.11623,18.70336
17.27703,13.12963,18.72226
17.30019,13.1434,18.74325
17.31924,13.15875,18.78294
17.34085,13.17194,18.78294
17.36197,13.18502,18.80313
17.40485,13.21017,18.82426
17.42528,13.22139,18.84442
17.44544,13.23219,18.86045
17.44544,13.23219,18.91186
17.48308,13.25217,18.9279
17.50322,13.26058,18.9279
17.52465,13.26947,18.94403
17.54628,13.27767,18.96208
17.56964,13.28538,18.99255
17.59504,13.2926,18.99255
17.61812,13.29987,19.00878
17.68896,13.31575,19.02368
17.68896,13.31575,19.03941
17.7142,13.33107,19.09022
17.73873,13.33107,19.09022
17.76338,13.33847,19.10864
17.78562,13.35505,19.12661
17.8087,13.36296,19.14537
17.83151,13.36296,19.16398
17.85525,13.37909,19.18295
17.87863,13.38737,19.20202
17.90092,13.38737,19.22146
17.92349,13.41561,19.24114
17.94596,13.41561,19.26186
17.96976,13.42425,19.3199
17.99285,13.43336,19.3199
18.01742,13.44214,19.33848
18.07273,13.44914,19.35657
18.07273,13.46618,19.37398
18.10298,13.46618,19.39004
18.12989,13.47464,19.40735
18.1568,13.48197,19.42374
18.21181,13.48925,19.43942
18.21181,13.49511,19.4555
18.23738,13.50873,19.47137
18.26254,13.50873,19.48696
18.28588,13.51561,19.50834
18.31112,13.52101,19.52389
18.33933,13.5258,19.53936
18.41936,13.53609,19.55045
18.41936,13.54022,19.56675
18.44642,13.54384,19.58315
18.4716,13.54855,19.59977
18.49759,13.54855,19.61276
18.52542,13.55443,19.62912
18.55348,13.55888,19.64776
18.58464,13.56057,19.66449
18.61461,13.56152,19.69542
18.6453,13.5644,19.69542
18.68188,13.5651,19.70873
18.71113,13.56623,19.72131
18.73979,13.5655,19.73388
18.77557,13.5655,19.76282
18.80278,13.56481,19.76282
18.82836,13.56505,19.77646
18.85341,13.56489,19.78909
18.89836,13.56448,19.81407
18.89836,13.56448,19.81407
18.92095,13.56435,19.85299
18.94206,13.56497,19.85299
18.96241,13.56605,19.86741
19.00733,13.56723,19.88065
19.00733,13.56941,19.89455
19.02876,13.57035,19.90918
19.04827,13.57147,19.92438
19.07,13.57267,19.94073
19.09224,13.57424,19.95895
19.16018,13.57684,19.97646
19.16018,13.57962,19.99438
19.18423,13.57962,20.03045
19.20622,13.58229,20.03045
19.23023,13.58234,20.04747
19.25841,13.58258,20.06657
19.28264,13.58258,20.08554
19.30527,13.58413,20.10579
19.3257,13.58413,20.14132
19.34726,13.5845,20.14132
19.36822,13.58493,20.15735
19.39986,13.58519,20.17186
19.44136,13.5863,20.18593
19.44136,13.5863,20.20001
19.46027,13.58643,20.24289
19.47865,13.58547,20.24289
19.49582,13.58512,20.25482
19.51335,13.58498,20.26744
19.54629,13.58486,20.27939
19.56376,13.58508,20.29159
19.59287,13.58508,20.30372
19.59287,13.58635,20.3169
19.61188,13.58683,20.3296
19.65434,13.58717,20.34239
19.65434,13.58746,20.35565
19.67497,13.58746,20.37014
19.69663,13.58793,20.40045
19.71776,13.5879,20.40045
19.76063,13.58868,20.41748
19.78075,13.58864,20.43492
19.81872,13.58864,20.44991
19.81872,13.58943,20.48441
19.83546,13.59035,20.48441
19.8513,13.59154,20.5019
19.86293,13.59278,20.52076
19.87662,13.59448,20.54058
19.88898,13.59612,20.55928
19.89802,13.59826,20.61699
19.90883,13.60097,20.61699
19.91895,13.6039,20.63856
19.92852,13.60714,20.65773
19.94133,13.62055,20.67497
19.94133,13.62055,20.70955
19.94788,13.62569,20.70955
19.9559,13.63117,20.72543
19.96288,13.63673,20.74118
19.96942,13.64265,20.75735
19.97943,13.64823,20.76958
19.98417,13.65347,20.80042
19.99006,13.65909,20.80042
19.99006,13.66604,20.81016
19.99618,13.66604,20.82691
20.00293,13.68746,20.84405
20.01287,13.68746,20.85847
20.01648,13.69537,20.89528
20.01648,13.70514,20.91468
20.02009,13.71435,20.91468
20.02477,13.73421,20.93408
20.02901,13.73421,20.9545
20.04586,13.74536,20.97731
20.04586,13.75636,21.0123
20.05019,13.76785,21.0123
20.05304,13.7806,21.15993
20.06305,13.79322,21.17668
20.06896,13.82116,21.19282
20.06896,13.83392,21.22299
20.07505,13.83392,21.27063
20.08199,13.85851,21.27063
20.08871,13.87038,21.27761
20.11841,13.88385,21.29195
20.12938,13.89702,21.30609
20.12938,13.91021,21.31831
20.14118,13.92308,21.33248
20.15432,13.93611,21.34835
20.17944,13.94867,21.36333
20.17944,13.97506,21.37914
20.19344,13.98568,21.39548
20.21954,13.98568,21.42812
20.21954,14.00619,21.42812
20.2342,14.01577,21.44742
20.27575,14.0268,21.46475
20.28762,14.0268,21.48236
20.28762,14.042,21.5028
20.29844,14.04821,21.53791
20.30839,14.04821,21.53791
20.32545,14.06464,21.5543
20.32545,14.07308,21.57103
20.33374,14.08317,21.58674
20.34141,14.08317,21.60702
20.34851,14.08317,21.65737
20.35705,14.09675,21.65737
20.36917,14.10308,21.68435
20.36917,14.10308,21.7021
20.37331,14.12014,21.72084
20.37785,14.12838,21.73775
20.38531,14.13753,21.75509
20.38531,14.14677,21.77342
20.3944,14.14677,21.7929
20.3944,14.16735,21.81104
20.39638,14.17779,21.78469
20.39826,14.19033,21.82363
20.39983,14.19033,21.82363
20.40173,14.20459,21.8363
20.40402,14.2323,21.856
20.40456,14.24652,21.87591
20.40613,14.26034,21.89334
20.40737,14.26034,21.93486
20.40804,14.28713,21.93486
20.41141,14.28713,21.95111
20.41375,14.31169,21.96992
20.4159,14.33215,21.98761
20.41803,14.33215,22.01759
20.42111,14.33215,22.03505
20.42478,14.34186,22.03505
20.42847,14.35393,22.04947
20.43286,14.37123,22.06601
20.43662,14.37946,22.08143
20.44022,14.37946,22.10067
20.44768,14.38677,22.13278
20.45138,14.39366,22.13278
20.45138,14.40945,22.15264
20.45564,14.40945,22.16899
20.46279,14.43011,22.18522
20.46279,14.43011,22.20498
20.46704,14.43537,22.23934
20.46926,14.43908,22.25873
20.47146,14.44327,22.27873
20.47213,14.44637,22.29941
20.47213,14.45166,22.32094
20.47381,14.45166,22.34295
20.47527,14.45289,22.36276
20.47616,14.45451,22.37943
20.477,14.45586,22.39716
20.47668,14.45577,22.41376
20.47668,14.45385,22.43084
20.47595,14.45385,22.46499
20.47419,14.45199,22.46499
20.47419,14.45001,22.47895
20.47385,14.44515,22.49426
20.47366,14.44515,22.50877
20.47361,14.44445,22.52029
20.4737,14.44445,22.53565
20.4737,14.44543,22.55191
20.47396,14.44727,22.56749
20.47441,14.44951,22.58294
20.47448,14.44951,22.59832
20.47459,14.46126,22.61489
20.47474,14.46126,22.65036
20.47474,14.46614,22.65036
20.47467,14.47065,22.67134
20.47455,14.47643,22.69033
20.47446,14.48413,22.71002
20.47435,14.49277,22.73181
20.47435,14.50311,22.77129
20.47438,14.51476,22.77129
20.47398,14.52705,22.7914
20.47383,14.54008,22.80829
20.47373,14.57093,22.82328
20.4738,14.57093,22.83823
20.4738,14.58797,22.86259
20.47371,14.60586,22.86259
20.47359,14.62352,22.87231
20.47362,14.64068,22.88221
20.47377,14.65792,22.89671
20.47421,14.67492,22.91347
20.47483,14.69157,22.91347
20.47565,14.71047,22.91861
20.47668,14.72689,22.92457
20.47803,14.74256,22.92999
20.47977,14.77466,22.93418
20.48185,14.79081,22.93853
20.48443,14.79081,22.94178
20.48742,14.83032,22.94536
20.49067,14.83032,22.94755
20.49399,14.86625,22.94909
20.49747,14.88456,22.95552
20.5057,14.88456,22.95806
20.5057,14.92286,22.95806
20.51056,14.94283,22.9628
20.51609,14.96353,22.96211
20.52222,14.96353,22.96076
20.53594,14.99903,22.95882
20.53594,15.01998,22.95561
20.54292,15.01998,22.9521
20.55013,15.06183,22.94985
20.55736,15.06183,22.94451
20.56396,15.10839,22.93809
20.5868,15.10839,22.93231
20.5868,15.13356,22.91648
20.59424,15.15925,22.91648
20.60105,15.18504,22.90942
20.60793,15.21139,22.90146
20.61406,15.28274,22.89286
20.61862,15.28274,22.88856
20.62483,15.30589,22.87492
20.63121,15.32507,22.87492
20.63744,15.34579,22.87228
20.64436,15.35506,22.86808
20.6513,15.37315,22.86493
20.66488,15.39066,22.86305
20.66488,15.40762,22.86464
20.67195,15.40699,22.86464
20.67884,15.42213,22.86701
20.68562,15.44776,22.87055
20.6918,15.4624,22.87478
20.7035,15.4624,22.88049
20.7035,15.48079,22.88658
20.71011,15.49532,22.89398
20.71638,15.5099,22.89985
20.72223,15.54079,22.90535
20.72848,15.54079,22.91109
20.73584,15.55545,22.9199
20.73584,15.57416,22.92299
20.73903,15.5898,22.9247
20.742,15.6054,22.92544
20.74509,15.65418,22.92609
20.74744,15.65418,22.92334
20.75833,15.66999,22.92336
20.75833,15.68735,22.92364
20.75833,15.7036,22.92184
20.76126,15.72211,22.91899
20.7689,15.73705,22.91694
20.77511,15.75186,22.90865
20.77937,15.76524,22.90865
20.78366,15.78111,22.90359
20.7685,15.79358,22.89901
20.77467,15.82129,22.8946
20.76575,15.83412,22.88107
20.7734,15.8465,22.88107
20.78125,15.85979,22.8778
20.78912,15.87144,22.8755
20.79357,15.88621,22.87342
20.80337,15.89856,22.87114
20.81345,15.91141,22.87033
20.8377,15.92425,22.87024
20.8377,15.93809,22.87062
20.85154,15.95129,22.87103
20.86551,15.97771,22.8722
20.87947,15.97771,22.87388
20.89493,15.9909,22.87667
20.90898,16.0075,22.87958
20.92298,16.02015,22.88492
20.93591,16.03315,22.88878
20.94774,16.06617,22.89288
20.95953,16.06617,22.89844
20.97337,16.08081,22.90933
20.99919,16.09656,22.91433
20.99919,16.11037,22.91433
21.01325,16.12295,22.91859
21.02542,16.15667,22.92299
21.0376,16.15667,22.92824
21.0496,16.1665,22.9377
21.07608,16.17492,22.9377
21.08959,16.18339,22.94056
21.08959,16.19123,22.94398
21.10337,16.19832,22.94681
21.11783,16.20505,22.95597
21.14999,16.21151,22.95597
21.14999,16.21766,22.96109
21.16689,16.22222,22.96473
21.1849,16.23166,22.96675
21.20288,16.23166,22.9677
21.22173,16.23476,22.96838
21.23893,16.23785,22.96834
21.2587,16.24253,22.96819
21.27892,16.24496,22.96721
21.29428,16.25103,22.96618
21.31331,16.25103,22.96437
21.33133,16.25246,22.95965
21.38086,16.25399,22.95965
21.38086,16.25365,22.95768
21.39699,16.25432,22.95403
21.41291,16.2655,22.94956
21.42835,16.26883,22.9443
21.44044,16.26883,22.9385
21.47037,16.2735,22.93348
21.47037,16.279,22.92805
21.48044,16.28605,22.92373
21.49578,16.30125,22.92015
21.5117,16.30125,22.91543
21.52456,16.30573,22.91071
21.54059,16.31126,22.91071
21.55723,16.31683,22.90615
21.57047,16.32133,22.90364
21.58857,16.33649,22.9005
21.60782,16.33649,22.89915
21.62719,16.34327,22.89915
21.66693,16.35128,22.90039
21.69319,16.36011,22.90216
21.71386,16.36953,22.90475
21.73432,16.38263,22.90769
21.75687,16.3965,22.91744
21.77528,16.41176,22.91744
21.79259,16.41176,22.92356
21.80438,16.42782,22.93099
21.81951,16.45965,22.93994
21.83412,16.49312,22.95096
21.84362,16.50852,22.96136
21.85716,16.50852,22.99491
21.87045,16.52374,22.99491
21.88226,16.52374,23.00632
21.89572,16.56189,23.01773
21.90879,16.56189,23.03069
21.91986,16.57133,23.04297
21.94516,16.57852,23.05577
21.94516,16.58505,23.06851
21.95497,16.58889,23.0794
21.96809,16.5913,23.09056
21.98125,16.5913,23.09917
21.99445,16.59239,23.10798
22.00816,16.58971,23.11597
22.02093,16.5886,23.12207
22.02093,16.58346,23.12879
22.04992,16.5801,23.13481
22.06318,16.5801,23.13694
22.06318,16.57675,23.14491
22.0987,16.571,23.14491
22.0987,16.56723,23.14396
22.11501,16.56382,23.14396
22.12566,16.55263,23.14685
22.13602,16.55263,23.1467
22.14583,16.55103,23.14081
22.15809,16.54978,23.13872
22.17122,16.54997,23.13798
22.18609,16.54951,23.13461
22.20025,16.55092,23.1327
22.21412,16.55335,23.12722
22.22688,16.55535,23.12722
22.25806,16.55879,23.12525
22.25806,16.56243,23.12493
22.2816,16.56871,23.12229
22.29922,16.56871,23.11926
22.31656,16.57354,23.11833
22.3369,16.57865,23.11533
22.3731,16.5829,23.11251
22.39103,16.58753,23.11026
22.39103,16.59255,23.10818
22.40961,16.59625,23.10665
22.44437,16.59931,23.10472
22.44437,16.60352,23.10382
22.47618,16.60596,23.10298
22.48949,16.60825,23.10181
22.50071,16.61389,23.1017
22.50071,16.61389,23.10166
22.51158,16.61535,23.10262
22.53248,16.61719,23.10262
22.54211,16.61816,23.10402
22.54211,16.61899,23.10571
22.55897,16.61841,23.10851
22.55897,16.62,23.11184
22.56461,16.62234,23.11551
22.57908,16.6244,23.12017
22.57908,16.62872,23.12462
22.58315,16.63399,23.12988
22.59094,16.64541,23.1328
22.59655,16.64541,23.13465
22.60266,16.65163,23.13624
22.60953,16.65674,23.13834
22.61584,16.66348,23.13869
22.62501,16.67036,23.13869
22.6339,16.68543,23.13863
22.64291,16.68543,23.13578
22.65339,16.69245,23.13457
22.66352,16.69932,23.13457
22.67252,16.70549,23.13224
22.67968,16.71119,23.13025
22.68938,16.72131,23.12474
22.70144,16.72618,23.12474
22.72201,16.72618,23.1153
22.73182,16.73136,23.1153
22.742,16.74049,23.10917
22.75101,16.74049,23.10438
22.75993,16.74927,23.09614
22.77109,16.74927,23.08993
22.77977,16.7537,23.08351
22.78884,16.75725,23.07743
22.79911,16.76052,23.06939
22.80828,16.77447,23.06406
22.8184,16.77447,23.05918
22.82958,16.77983,23.05033
22.84007,16.78577,23.0448
22.85064,16.79047,23.03976
22.8611,16.79433,23.03528
22.87182,16.79674,23.03198
22.88309,16.79917,23.02918
22.89361,16.80086,23.02526
22.91359,16.80068,23.02526
22.91359,16.80027,23.02096
22.92274,16.7991,23.0206
22.93147,16.79392,23.02089
22.94192,16.79392,23.02152
22.95733,16.79214,23.02138
22.95733,16.79004,23.02302
22.96445,16.7873,23.02524
22.97141,16.78412,23.02662
22.9781,16.78063,23.03013
22.98449,16.77727,23.03391
22.99562,16.77431,23.03604
22.99562,16.77192,23.04242
22.99999,16.77004,23.04242
23.00307,16.76809,23.04316
23.00559,16.76605,23.04241
23.00557,16.76231,23.03951
23.00788,16.76231,23.03563
23.00894,16.75954,23.03152
23.01093,16.75779,23.0248
23.01296,16.75321,23.0248
23.01517,16.75321,23.00648
23.01897,16.7501,22.99525
23.02145,16.74746,22.97369
23.02435,16.74576,22.97369
23.02641,16.74417,22.96319
23.02881,16.74281,22.95357
23.03192,16.73926,22.94582
23.03716,16.73752,22.93601
23.04077,16.73429,22.92627
23.04501,16.73282,22.91922
23.05063,16.73167,22.91009
23.05585,16.72889,22.90061
23.06194,16.72794,22.89203
23.06722,16.72759,22.88251
23.09094,16.72712,22.87264
23.09094,16.72897,22.86249
23.09992,16.73252,22.85262
23.1098,16.74459,22.8426
23.11964,16.74459,22.83123
23.13039,16.75333,22.81319
23.14093,16.76348,22.8056
23.15207,16.7746,22.8056
23.1619,16.80037,22.79857
23.17093,16.80037,22.79056
23.1877,16.81654,22.78199
23.1955,16.83152,22.77489
23.1955,16.84392,22.76879
23.20256,16.85987,22.76401
23.20947,16.90816,22.76195
23.2155,16.90816,22.75858
23.22822,16.92415,22.75446
23.22822,16.93977,22.74843
23.23375,16.95611,22.74843
23.23956,16.97238,22.74358
23.24469,16.98725,22.74163
23.24925,17.00367,22.74005
23.25765,17.01951,22.73883
23.25765,17.03404,22.7381
23.25995,17.04896,22.73775
23.26232,17.06395,22.73847
23.2639,17.09386,22.74383
23.26503,17.09386,22.74509
23.2659,17.10846,22.74411
23.2659,17.12384,22.74453
23.26535,17.13787,22.74511
23.26393,17.16683,22.74655
23.26207,17.16683,22.74904
23.26385,17.17949,22.75038
23.26203,17.1915,22.7514
23.26055,17.20289,22.75233
23.26205,17.21372,22.75233
23.26134,17.22474,22.75233
23.2601,17.24425,22.75242
23.25968,17.25375,22.75194
23.25162,17.25375,22.75038
23.25162,17.26445,22.74888
23.2469,17.27378,22.74697
23.2402,17.2835,22.74467
23.23557,17.3054,22.74197
23.22915,17.3054,22.73884
23.22301,17.31577,22.7351
23.21525,17.32784,22.72302
23.20819,17.33918,22.72302
23.20165,17.35083,22.7147
23.19605,17.39124,22.70725
23.18876,17.39124,22.70028
23.18185,17.40416,22.69278
23.17421,17.41625,22.68395
23.16784,17.44063,22.67664
23.16166,17.44063,22.66968
23.14962,17.45152,22.66457
23.1429,17.46287,22.66049
23.1429,17.4755,22.65655
23.13749,17.48626,22.65061
23.13164,17.52531,22.64758
23.12657,17.52531,22.64582
23.11627,17.5366,22.64474
23.11627,17.5477,22.64466
23.1111,17.55842,22.64452
23.10653,17.56911,22.64813
23.10134,17.57988,22.65107
23.0965,17.59052,22.65415
23.0869,17.60085,22.65963
23.0869,17.61216,22.66585
23.07995,17.62181,22.67216
23.07603,17.62995,22.67814
23.07143,17.645,22.68516
23.06681,17.645,22.69372
23.05223,17.65251,22.70109
23.05223,17.66069,22.70913
23.04469,17.66803,22.71625
23.03989,17.67502,22.72472
23.03583,17.68202,22.73328
23.0283,17.68863,22.7391
23.02556,17.69526,22.74707
23.02314,17.70486,22.75432
23.02019,17.71222,22.76047
23.01858,17.72007,22.77026
23.01788,17.74011,22.77026
23.01752,17.74011,22.77392
23.0195,17.75257,22.77612
23.02218,17.76158,22.77725
23.02554,17.76959,22.78361
23.02896,17.77623,22.78315
23.03392,17.78545,22.78215
23.03794,17.79408,22.78449
23.04954,17.8045,22.78279
23.05443,17.81528,22.78011
23.05443,17.82606,22.77974
23.05905,17.83716,22.76843
23.06389,17.97019,22.76843
23.07268,17.91828,22.7631
23.07268,17.92723,22.75643
23.07479,17.93826,22.75078
23.08059,17.94934,22.73711
23.08059,17.98464,22.73711
23.08242,17.9966,22.72945
23.08582,18.00641,22.7226
23.08582,18.04275,22.71596
23.08746,18.05237,22.70345
23.08819,18.06177,22.69714
23.08814,18.09101,22.69714
23.08953,18.09101,22.69034
23.08703,18.1002,22.68496
23.08703,18.11892,22.68062
23.08561,18.12775,22.67515
23.08411,18.13697,22.66753
23.08022,18.15467,22.66363
23.07643,18.16392,22.65878
23.07154,18.17362,22.65488
23.06587,18.1922,22.65112
23.05808,18.1922,22.64671
23.0517,18.22773,22.64383
23.04659,18.23961,22.64167
23.0412,18.23961,22.63934
23.03625,18.25189,22.63806
23.03187,18.27046,22.63754
23.03218,18.27046,22.63898
23.03061,18.29981,22.63898
23.03105,18.29981,22.64078
23.0272,18.31498,22.64211
23.02455,18.33046,22.64316
23.02455,18.34632,22.64445
23.02842,18.36312,22.64946
23.02821,18.41137,22.64946
23.03163,18.41137,22.65064
23.03163,18.42746,22.65048
23.03251,18.44276,22.64969
23.03473,18.45862,22.64872
23.03626,18.47443,22.64706
23.03828,18.48987,22.64476
23.03983,18.50691,22.64203
23.03983,18.52392,22.63874
23.04135,18.54099,22.63541
23.04333,18.55693,22.63064
23.04333,18.58888,22.62184
23.04517,18.58888,22.61718
23.05186,18.6041,22.61718
23.05186,18.61259,22.6116
23.05301,18.62703,22.6043
23.05415,18.64146,22.58974
23.05503,18.66947,22.58974
23.05511,18.66947,22.58056
23.05544,18.68434,22.57162
23.05475,18.69936,22.56217
23.05313,18.71536,22.55222
23.05023,18.74884,22.53225
23.04765,18.76591,22.52265
23.04257,18.78247,22.52265
23.03941,18.79889,22.51295
23.03564,18.81348,22.50386
23.03063,18.82892,22.495
23.0253,18.84456,22.47802
23.0191,18.86469,22.47802
23.01125,18.87955,22.47064
22.99619,18.89322,22.46355
22.98816,18.90526,22.45681
22.97853,18.91754,22.45017
22.97853,18.94464,22.43484
22.96042,18.94464,22.43484
22.94997,18.95468,22.42732
22.94997,18.96478,22.42058
22.94115,18.98021,22.41395
22.92441,18.98973,22.40774
22.91759,18.9994,22.3932
22.91759,19.01244,22.38783
22.90598,19.0227,22.38095
22.90104,19.03356,22.37491
22.90104,19.03965,22.37256
22.89227,19.05067,22.36819
22.88846,19.06218,22.36414
22.88525,19.0848,22.35984
22.88017,19.0848,22.3537
22.88017,19.09935,22.3487
22.87917,19.11269,22.68946
22.87975,19.14096,22.67306
22.88076,19.14096,22.67306
22.88264,19.18229,22.5693
22.88536,19.19521,22.56011
22.88857,19.19521,22.55109
22.89231,19.20759,22.52589
22.89651,19.2329,22.51675
22.9004,19.24476,22.50738
22.90398,19.24476,22.49743
22.90783,19.25641,22.48713
22.91104,19.26614,22.4759
22.9137,19.27632,22.46449
22.91629,19.2955,22.45191
22.91813,19.30567,22.42806
22.91932,19.30567,22.41457
22.91951,19.31632,22.41457
22.91874,19.32691,22.39922
22.91732,19.33785,22.35058
22.91581,19.35128,22.31896
22.91393,19.37428,22.31896
22.91113,19.38599,22.30408
22.90788,19.38599,22.28755
22.90365,19.39462,22.27142
22.89845,19.40749,22.25772
22.89272,19.44583,22.2276
22.88683,19.44583,22.2165
22.87283,19.46152,22.2165
22.87283,19.46152,22.20297
22.86573,19.49191,22.17786
22.85927,19.50756,22.17786
22.85305,19.52403,22.14321
22.84064,19.53919,22.14321
22.84064,19.55413,22.13174
22.83476,19.57131,22.11761
22.82883,19.58623,22.08748
22.82308,19.60006,22.07138
22.81751,19.62778,22.03868
22.80496,19.62778,22.03868
22.80496,19.64006,22.03868
22.80155,19.65141,22.02346
22.79895,19.6627,21.99379
22.79606,19.68795,21.98293
22.79311,19.68795,21.96812
22.79074,19.69935,21.95309
22.78885,19.71086,21.95309
22.7872,19.72187,21.93562
22.78673,19.73266,21.90406
22.78713,19.76418,21.89015
22.78754,19.76418,21.87731
22.78934,19.774,21.86519
22.79143,19.78312,21.86519
22.79301,19.7929,21.83569
22.79524,19.81668,21.82519
22.79677,19.81668,21.80509
22.79775,19.8279,21.78326
22.79758,19.83901,21.78326
22.79745,19.86272,21.78485
22.79745,19.86272,21.77243
22.79674,19.89794,21.76037
22.79593,19.89794,21.72723
22.792,19.90874,21.72723
22.792,19.91855,21.71593
22.7897,19.92843,21.702
22.78744,19.93826,21.68758
22.78489,19.94792,21.67872
22.78108,19.94792,21.64981
22.77226,19.96626,21.63435
22.77226,19.97581,21.63435
22.7674,19.98526,21.61398
22.76195,19.99413,21.58272
22.75618,20.0117,21.58272
22.74908,20.0117,21.54089
22.73065,20.02162,21.54089
22.72303,20.03087,21.53006
22.72303,20.04994,21.5174
22.71487,20.04994,21.49211
22.70693,20.06319,21.47357
22.69035,20.07386,21.47357
22.69035,20.09131,21.46321
22.68345,20.10322,21.45512
22.6766,20.11615,21.44756
22.67054,20.14473,21.43521
22.66611,20.15887,21.42954
22.65611,20.17297,21.41153
22.65611,20.18869,21.41153
22.65384,20.2041,21.40549
22.65182,20.22006,21.39466
22.64977,20.23481,21.38621
22.64822,20.24969,21.38621
22.64731,20.26575,21.38673
22.64728,20.27962,21.38157
22.64835,20.30779,21.3766
22.6502,20.30779,21.37185
22.65253,20.32008,21.36414
22.65527,20.33134,21.3496
22.65746,20.34213,21.3496
22.65995,20.35237,21.34454
22.66149,20.36188,21.33933
22.66389,20.37807,21.32898
22.667,20.38651,21.32203
22.67067,20.38651,21.31417
22.67752,20.39338,21.30671
22.68153,20.40067,21.30671
22.68153,20.40726,21.29816
22.68597,20.42154,21.2704
22.69027,20.42154,21.26104
22.69984,20.42879,21.26104
22.69984,20.43629,21.24959
22.70465,20.44374,21.23733
22.70904,20.44805,21.22505
22.71272,20.45499,21.19883
22.71468,20.46203,21.19883
22.71597,20.46861,21.18505
22.71597,20.47587,21.1571
22.71355,20.48341,21.13135
22.70982,20.49181,21.12011
22.70592,20.50527,21.12011
22.7034,20.50527,21.10855
22.70126,20.51025,21.09702
22.69972,20.51588,21.08642
22.69635,20.52173,21.06569
22.69686,20.52747,21.06569
22.69839,20.53279,21.05698
22.69936,20.53752,21.0486
22.70358,20.54324,21.04059
22.70358,20.5482,21.03052
22.71316,20.55311,21.01602
22.71316,20.56184,21.00841
22.71817,20.56184,21.00177
22.72973,20.56696,20.99537
22.72973,20.57211,20.99013
22.74232,20.57779,20.98438
22.75017,20.58408,20.97958
22.76504,20.58929,20.97489
22.77302,20.59567,20.96842
22.77302,20.60213,20.96312
22.78582,20.60991,20.95761
22.79095,20.61687,20.95379
22.79519,20.62428,20.94032
22.79767,20.63989,20.93481
22.79832,20.64747,20.93481
22.79924,20.64747,20.92999
22.79972,20.65495,20.9272
22.79972,20.6627,20.91529
22.79657,20.67072,20.91529
22.79136,20.68579,20.91046
22.79136,20.68579,20.90396
22.78462,20.69312,20.89703
22.77256,20.70213,20.89127
22.76636,20.70969,20.87758
22.76027,20.71673,20.87024
22.75157,20.73454,20.86306
22.74318,20.73454,20.85405
22.73486,20.7373,20.84344
22.72688,20.74102,20.83378
22.72688,20.74459,20.82104
22.7128,20.74775,20.80691
22.70636,20.75025,20.79371
22.69997,20.75222,20.78061
22.69423,20.75401,20.76618
22.6892,20.75574,20.75364
22.68358,20.75732,20.74189
22.68358,20.75657,20.73106
22.68085,20.7575,20.71811
22.67814,20.75772,20.70539
22.67514,20.75772,20.69337
22.67176,20.75791,20.67584
22.66918,20.75716,20.67584
22.66598,20.75603,20.66692
22.66637,20.75603,20.6605
22.66797,20.75454,20.65474
22.6703,20.75165,20.64944
22.67377,20.74903,20.64434
22.67849,20.7457,20.63914
22.68439,20.74245,20.63378
22.6924,20.73237,20.63032
22.69888,20.72911,20.62727
22.70024,20.72911,20.62201
22.71796,20.72578,20.61539
22.71796,20.71969,20.61539
22.72474,20.71969,20.60812
22.73108,20.71724,20.6045
22.73659,20.71529,20.60084
22.7433,20.71309,20.59641
22.75065,20.71081,20.58974
22.75914,20.705,20.58974
22.76874,20.70303,20.58955
22.77865,20.70303,20.58479
22.78722,20.7026,20.57915
22.813,20.70064,20.57514
22.813,20.69961,20.56098
22.82235,20.69961,20.55272
22.83134,20.69859,20.54274
22.8389,20.6971,20.53118
22.84506,20.69606,20.51776
22.85168,20.69519,20.50446
22.85863,20.69276,20.49021
22.86698,20.69276,20.47484
22.8726,20.69226,20.45795
22.87735,20.69159,20.44011
22.88306,20.69092,20.42205
22.8876,20.69009,20.3831
22.89157,20.69009,20.3831
22.8949,20.68949,20.36382
22.89647,20.68896,20.34279
22.89647,20.68867,20.32132
22.90001,20.68847,20.282
22.90521,20.68821,20.26421
22.90921,20.68821,20.24834
22.91366,20.68867,20.23085
22.91772,20.68899,20.21336
22.92122,20.68899,20.19676
22.92609,20.69009,20.18255
22.92609,20.69113,20.16875
22.92949,20.69113,20.15565
22.93415,20.69337,20.14244
22.94364,20.69416,20.12935
22.9515,20.69416,20.11656
22.9515,20.69484,20.10325
22.95573,20.69569,20.0793
22.95974,20.69569,20.06704
22.9635,20.69463,20.06704
22.9659,20.69409,20.05495
22.96858,20.69275,20.11371
22.97094,20.69275,20.08885
22.96797,20.69189,20.07711
22.96978,20.691,20.07711
22.97172,20.69012,20.01613
22.9721,20.68943,20.0037
22.9741,20.68877,19.99175
22.97587,20.68489,19.95405
22.97511,20.68489,19.95405
22.97609,20.68342,19.92499
22.97679,20.68073,19.9129
22.97474,20.67797,19.88782
22.97558,20.6735,19.88782
22.97685,20.6735,19.87663
22.97647,20.67007,19.86355
22.97842,20.66736,19.85054
22.98053,20.66334,19.83705
22.97986,20.65883,19.82255
22.99266,20.64342,19.79345
22.99266,20.64342,19.77814
22.99266,20.63764,19.76009
22.99437,20.6317,19.74271
23.00109,20.62629,19.72341
23.01484,20.62123,19.70381
23.02332,20.6167,19.68367
23.03162,20.61181,19.6627
23.03978,20.60658,19.63699
23.04764,20.60157,19.61485
23.05481,20.59592,19.59402
23.06083,20.58664,19.55513
23.06639,20.58664,19.55513
23.07131,20.58241,19.53619
23.07666,20.5787,19.51833
23.0804,20.57479,19.50097
23.0858,20.56779,19.48685
23.09043,20.56779,19.47129
23.09062,20.56532,19.45637
23.093,20.56262,19.44079
23.093,20.55991,19.42679
23.09558,20.55776,19.41301
23.10096,20.55236,19.4001
23.10464,20.55236,19.38537
23.10122,20.55116,19.37118
23.10122,20.54903,19.35657
23.10177,20.54769,19.34375
23.09942,20.54623,19.33076
23.09799,20.54623,19.31715
23.09172,20.54545,19.28922
23.09172,20.54554,19.28922
23.08736,20.54567,19.27454
23.08111,20.54596,19.25915
23.07358,20.5472,19.24295
23.05424,20.55418,19.22744
23.05424,20.55418,19.2114
23.03956,20.55677,19.1971
23.02577,20.55677,19.18223
23.01075,20.56303,19.16808
22.99414,20.56716,19.15397
22.93814,20.57106,19.13963
22.93814,20.57504,19.11291
22.91839,20.57914,19.11291
22.89635,20.58338,19.09921
22.8569,20.58828,19.08374
22.8569,20.59391,19.06772
22.83712,20.60708,19.05202
22.81497,20.60708,19.01888
22.79555,20.61438,19.01888
22.7768,20.62232,19.0038
22.74006,20.6309,18.98717
22.74006,20.64021,18.96939
22.72305,20.65032,18.95365
22.70693,20.66088,18.89996
22.69225,20.67199,18.89996
22.67848,20.68272,18.88245
22.63585,20.69366,18.88245
22.63585,20.70474,18.86502
22.62193,20.71659,18.83513
22.6142,20.72861,18.82166
22.60823,20.74044,18.80868
22.59853,20.75241,18.80191
22.59853,20.76517,18.78991
22.59595,20.791,18.77701
22.60161,20.791,18.75772
22.6023,20.80373,18.75772
22.60435,20.81685,18.74517
22.61215,20.83027,18.73186
22.62284,20.84414,18.71808
22.63305,20.85819,18.70185
22.64085,20.87186,18.68735
22.64891,20.88487,18.67271
22.65906,20.89806,18.65783
22.66594,20.91092,18.64185
22.67298,20.92345,18.62524
22.67872,20.94804,18.58181
22.6831,20.94804,18.58181
22.68544,20.96026,18.57306
22.6868,20.97525,18.55739
22.68882,20.98657,18.54154
22.6887,20.99846,18.53415
22.6887,21.01494,18.51984
22.68741,21.02728,18.50534
22.68508,21.04013,18.49402
22.68127,21.05213,18.47876
22.67186,21.06403,18.46362
22.67186,21.0762,18.45258
22.6651,21.10224,18.42757
22.65704,21.11267,18.42757
22.64711,21.11959,18.41603
22.63606,21.13086,18.40294
22.61374,21.14259,18.38907
22.61374,21.15485,18.3742
22.60168,21.16675,18.35878
22.59016,21.1786,18.34299
22.57748,21.19039,18.32744
22.53706,21.20315,18.31059
22.53706,21.21638,18.27865
22.52272,21.24256,18.27865
22.50859,21.24256,18.22474
22.4942,21.25637,18.22474
22.4649,21.27229,18.21114
22.4649,21.28647,18.19886
22.45003,21.30021,18.18642
22.43442,21.31476,18.17379
22.41847,21.32774,18.16036
22.40187,21.33991,18.14709
22.35106,21.3538,18.12867
22.35106,21.3655,18.11594
22.33362,21.37695,18.10625
22.31669,21.40174,18.07813
22.29941,21.40174,18.07813
22.28088,21.41347,18.06088
22.26275,21.41347,18.04327
22.24436,21.43916,18.02166
22.22648,21.45074,18.00128
22.20802,21.46333,17.9574
22.18889,21.47487,17.9574
22.17059,21.48693,17.9314
22.13573,21.50333,17.90559
22.11879,21.51634,17.87924
22.10197,21.51634,17.85548
22.08488,21.55835,17.79907
22.06956,21.55835,17.77292
22.05438,21.57458,17.74179
22.0373,21.58991,17.71182
22.02398,21.60587,17.68411
22.00649,21.62271,17.65822
21.98795,21.64085,17.63379
21.97431,21.66048,17.63379
21.95743,21.68094,17.59045
21.93782,21.70143,17.56699
21.92062,21.72044,17.54321
21.89981,21.75723,17.49057
21.8796,21.77492,17.4591
21.86056,21.77492,17.42859
21.82159,21.80605,17.39698
21.80177,21.82018,17.35748
21.80177,21.8344,17.32596
22.1218,21.84904,17.2947
22.1022,21.86357,17.26146
22.05064,21.87783,17.22684
22.01449,21.88887,17.19397
21.99671,21.90291,17.1631
21.99671,21.90291,17.1092
21.97004,21.9435,17.1092
21.95152,21.9435,17.08827
21.94494,21.95607,17.06817
21.90788,21.9683,17.04806
21.90788,21.981,17.01219
21.89177,22.00733,17.01219
21.87471,22.00733,16.99224
21.85783,22.02258,16.96526
21.84646,22.0348,16.94462
21.80073,22.04963,16.92481
21.80073,22.06503,16.87606
21.79002,22.09425,16.8559
21.7802,22.1092,16.82703
21.7886,22.1092,16.80953
21.77903,22.13763,16.79409
21.76941,22.13763,16.77468
21.76442,22.16638,16.76274
21.75438,22.17863,16.75201
21.74472,22.19228,16.75201
21.74319,22.20653,16.72876
21.72057,22.21792,16.72876
21.72057,22.23069,16.7189
21.71004,22.24367,16.70422
21.69903,22.2676,16.69492
21.69874,22.2676,16.69112
21.68742,22.27811,16.68724
21.67603,22.28569,16.67691
21.65316,22.29543,16.67691
21.64282,22.30436,16.66942
21.63206,22.31098,16.66509
21.63384,22.31911,16.66304
21.62272,22.32725,16.66304
21.61185,22.33043,16.65536
21.6054,22.33865,16.64953
21.59424,22.33865,16.64648
21.58184,22.36064,16.64306
21.57346,22.36064,16.64306
21.54513,22.3681,16.63484
21.53158,22.37989,16.63108
21.51614,22.38696,16.62657
21.49948,22.3999,16.62145
21.47814,22.3999,16.62145
21.43997,22.40665,16.61283
21.43997,22.41386,16.60921
21.428,22.42089,16.60269
21.40819,22.42747,16.60269
21.38729,22.43868,16.60263
21.35418,22.44405,16.60032
21.29855,22.44405,16.59847
21.29855,22.45933,16.59572
21.28119,22.46858,16.58931
21.24969,22.47873,16.58931
21.23802,22.4926,16.58491
21.22506,22.50505,16.58079
21.21566,22.50505,16.57197
21.19311,22.52194,16.56112
21.18225,22.5563,16.54169
21.17263,22.5765,16.53255
21.15137,22.62383,16.52389
21.14229,22.62383,16.5166
21.12928,22.64785,16.50699
21.10094,22.66862,16.49616
21.08546,22.6889,16.48403
21.07025,22.70819,16.48577
21.05742,22.72518,16.4719
21.04704,22.741,16.4719
21.03897,22.75868,16.44449
21.02456,22.77257,16.41201
21.02456,22.78524,16.39234
21.01899,22.79641,16.39234
21.01151,22.81551,16.37064
21.00452,22.82396,16.34959
20.9968,22.83264,16.3235
20.98222,22.84034,16.29635
20.97128,22.84685,16.27371
20.96292,22.85886,16.24536
20.96292,22.86418,16.21663
20.94452,22.86808,16.18687
20.92825,22.87523,16.16025
20.91651,22.87827,16.12825
20.90125,22.88068,16.09617
20.88868,22.88809,16.06124
20.87647,22.88809,16.02656
20.86227,22.89078,15.99158
20.8506,22.89466,15.95888
20.83855,22.89742,15.88304
20.82656,22.89932,15.84562
20.81254,22.90141,15.84562
20.79918,22.90431,15.80766
20.78814,22.90666,15.76906
20.76401,22.91362,15.69937
20.76401,22.91689,15.69937
20.75654,22.9205,15.66737
20.74753,22.92856,15.63514
20.73161,22.92856,15.60396
20.72263,22.9331,15.57911
20.71316,22.93895,15.51925
20.71316,22.94478,15.49058
20.70456,22.9501,15.46524
20.69521,22.95648,15.46524
20.68599,22.96358,15.40839
20.66968,22.97141,15.40172
20.66116,22.9804,15.37539
20.75694,22.99005,15.34929
20.74708,23.00036,15.33966
20.73638,23.03808,15.3152
20.7311,23.03808,15.2905
20.71935,23.05238,15.27721
20.70685,23.06747,15.2357
20.69295,23.08259,15.21462
20.67923,23.0967,15.21462
20.66565,23.10932,15.19473
20.65488,23.12048,15.17085
20.64234,23.1304,15.13433
20.62965,23.13961,15.13433
20.61805,23.14782,15.1162
20.60299,23.1613,15.10763
20.5868,23.1613,15.08938
20.57103,23.16705,15.07203
20.53201,23.17281,15.04106
20.53201,23.1783,15.04106
20.5124,23.18296,15.02546
20.49162,23.18761,15.00886
20.47239,23.19123,14.97202
20.45185,23.19382,14.9543
20.43197,23.19574,14.93571
20.41299,23.19634,14.91638
20.39246,23.19681,14.91638
20.3731,23.19666,14.89679
20.33675,23.19666,14.87876
20.31798,23.1986,14.8613
20.31798,23.19864,14.81953
20.28055,23.19853,14.81953
20.26501,23.19948,14.80597
20.25094,23.20004,14.79386
20.24084,23.20004,14.7828
20.22841,23.19844,14.92597
20.21642,23.19802,14.91782
20.21642,23.19755,14.84772
20.20582,23.19653,14.8406
20.18316,23.19693,14.83423
20.1717,23.19693,14.8269
20.16101,23.19794,14.81517
20.14936,23.19826,
20.13502,23.19834,
20.13502,23.19906,
20.10798,23.19906,
20.0799,23.19959,
20.0799,23.19984,
20.06622,23.20096,
20.0505,23.20206,
20.03475,23.20258,
20.02129,23.20677,
20.00648,23.20677,
19.99215,23.20962,
19.97622,23.21224,
19.96169,23.21541,
19.9464,23.21822,
19.93275,23.22185,
19.89933,23.22609,
19.8792,23.23056,
19.85969,23.23547,
19.85969,23.24056,
19.81521,23.25094,
19.79123,23.25094,
19.76558,23.25648,
19.73944,23.26084,
19.7149,23.26446,
19.69043,23.26722,
19.66732,23.27133,
19.64295,23.27133,
19.61959,23.27404,
19.59979,23.27623,
19.57854,23.27797,
19.55898,23.27728,
19.542,23.27643,
19.50622,23.27643,
19.48892,23.27523,
19.48892,23.27464,
19.47003,23.27346,
19.43376,23.27021,
19.41375,23.26721,
19.41375,23.26297,
19.39378,23.25704,
19.37213,23.25204,
19.34995,23.24197,
19.32728,23.23694,
19.26175,23.23133,
19.26175,23.23133,
19.23942,23.22719,
19.22018,23.22268,
19.19993,23.21426,
19.17858,23.21426,
19.15899,23.21135,
19.13915,23.20859,
19.11621,23.20708,
19.09691,23.20549,
19.0776,23.20364,
19.05661,23.20364,
19.03686,23.20354,
19.01597,23.20379,
18.99514,23.20467,
18.9726,23.20567,
18.94916,23.2066,
18.91106,23.20835,
18.88465,23.21081,
18.88465,23.21344,
18.86467,23.21655,
18.81526,23.22382,
18.81526,23.22771,
18.77324,23.22771,
18.77324,23.23198,
18.74979,23.23629,
18.72836,23.24055,
18.70745,23.24795,
18.6921,23.25085,
18.63848,23.25085,
18.63848,23.25341,
18.61766,23.25591,
18.59824,23.25863,
18.5769,23.26373,
18.53261,23.26373,
18.53261,23.26401,
18.51224,23.26318,
18.48783,23.26277,
18.46172,23.26124,
18.43481,23.25963,
18.3812,23.25762,
18.3812,23.25485,
18.35524,23.25247,
18.33338,23.24973,
18.31194,23.24366,
18.2894,23.24077,
18.21148,23.24077,
18.21148,23.23735,
18.18402,23.23425,
18.16106,23.22867,
18.13715,23.22529,
18.12298,23.22529,
18.09809,23.22272,
18.07165,23.22029,
18.04236,23.2182,
18.01315,23.21641,
17.98306,23.2119,
17.95285,23.2119,
17.85093,23.21037,
17.85093,23.20921,
17.81775,23.20795,
17.78458,23.20666,
17.75015,23.20589,
17.71868,23.20503,
17.68779,23.20401,
17.65269,23.20364,
17.62565,23.20304,
17.59728,23.20223,
17.57139,23.20099,
17.54524,23.20099,
17.52678,23.20081,
17.50253,23.20049,
17.47963,23.20001,
17.45859,23.19991,
17.40022,23.19946,
17.40022,23.19877,
17.38672,23.19794,
17.36838,23.19714,
17.35092,23.1959,
17.33927,23.19431,
17.32301,23.18909,
17.30837,23.18909,
17.29604,23.18509,
17.28488,23.1806,
17.27446,23.17546,
17.26834,23.16355,
17.25049,23.16355,
17.24162,23.15724,
17.24162,23.15018,
17.23331,23.14375,
17.22718,23.13803,
17.21218,23.12413,
17.21218,23.12413,
17.20731,23.11834,
17.20144,23.11406,
17.19479,23.10971,
17.18947,23.10338,
17.17306,23.09957,
17.17306,23.0964,
17.16309,23.0951,
17.15206,23.09419,
17.14046,23.0938,
17.10408,23.09407,
17.10408,23.09723,
17.09433,23.09723,
17.0821,23.09994,
17.06834,23.103,
17.05841,23.10704,
17.0467,23.11469,
17.03581,23.12138,
17.0246,23.12872,
17.01363,23.1427,
17.00605,23.15136,
16.99766,23.16016,
16.98773,23.17629,
16.96984,23.17629,
16.96325,23.18468,
16.96325,23.19128,
16.95846,23.19833,
16.95385,23.20493,
16.93785,23.21093,
16.93785,23.21677,
16.9323,23.22217,
16.92424,23.22466,
16.91919,23.22839,
16.91738,23.23099,
16.90729,23.23266,
16.90729,23.23367,
16.90351,23.2346,
16.89961,23.2333,
16.89599,23.23023,
16.88625,23.22564,
16.88625,23.22134,
16.88597,23.21663,
16.88388,23.21367,
16.88202,23.20857,
16.88052,23.20376,
16.882,23.20513,
16.88074,23.19022,
16.87933,23.19022,
16.87943,23.18574,
16.87828,23.176,
16.88004,23.16548,
16.87841,23.15436,
16.87632,23.14327,
16.87372,23.13269,
16.87061,23.11642,
16.86692,23.10619,
16.859,23.09708,
16.84846,23.07896,
16.84846,23.07896,
16.83899,23.07191,
16.83216,23.06664,
16.82439,23.06045,
16.80504,23.05557,
16.80504,23.05218,
16.79383,23.04911,
16.7816,23.04746,
16.76834,23.04228,
16.75426,23.04185,
16.72696,23.04175,
16.72696,23.03278,
16.71297,23.03245,
16.70066,23.02555,
16.68755,23.02555,
16.67683,23.02602,
16.66461,23.02654,
16.6298,23.0285,
16.6298,23.0285,
16.61694,23.02908,
16.60336,23.03122,
16.58638,23.03193,
16.56916,23.03205,
16.55234,23.03377,
16.53763,23.03214,
16.5243,23.03214,
16.51337,23.03153,
16.5041,23.02944,
16.49076,23.02695,
16.48369,23.01993,
16.48369,23.01993,
16.47619,23.01505,
16.46902,23.00981,
16.45361,23.00413,
16.45361,22.99791,
16.44724,22.97692,
16.44263,22.97692,
16.43597,22.96963,
16.42042,22.96338,
16.40716,22.95707,
16.40716,22.95034,
16.39764,22.94549,
16.39013,22.94234,
16.38288,22.94146,
16.37777,22.93875,
16.37135,22.93642,
16.3643,22.93448,
16.35884,22.93448,
16.35277,22.93417,
16.34699,22.93424,
,22.93384,
,22.93373,
,22.93613,
,22.93756,
,22.94024,
,22.94752,
,22.9532,
,22.96004,
,22.97567,
,22.98343,
,22.98343,
,22.99165,
,22.99771,
,23.00187,
,23.01224,
,23.01224,
,23.01817,
,23.02213,
,23.02511,
,23.02805,
,23.03132,
,23.03268,
,23.03268,
,23.03361,
,23.03391,
,23.03319,
,23.03235,
,23.03235,
,23.02942,
,23.02821,
,23.01847,
,23.0061,
,23.0061,
,22.99803,
,22.99055,
,22.98133,
,22.97197,
,22.96398,
,22.95451,
,22.94555,
,22.9378,
,22.93015,
,22.92291,
,22.90676,
,22.89922,
,22.89922,
,22.88577,
,22.8802,
,22.87385,
,22.86997,
,22.86997,
,22.86166,
,22.85898,
,22.85664,
,22.85664,
,22.85548,
,22.85493,
,22.85493,
,22.85606,
,22.85606,
,22.85979,
,22.86139,
,22.86139,
,22.86404,
,22.86464,
,22.86517,
,22.86455,
,22.86423,
,22.86296,
,22.86037,
,22.8572,
,22.85353,
,22.84874,
,22.84402,
,22.83843,
,22.83211,
,22.82364,
,22.82364,
,22.79651,
,22.79651,
,22.78696,
,22.78696,
,22.76465,
,22.7533,
,22.74119,
,22.73029,
,22.7202,
,22.71049,
,22.71049,
,22.70013,
,22.67236,
,22.67236,
,22.66376,
,22.65659,
,22.64783,
,22.6401,
,22.62812,
,22.62812,
,22.62256,
,22.61823,
,22.61325,
,22.60774,
,22.59731,
,22.59204,
,22.5896,
,22.5866,
,22.58367,
,22.58069,
,22.57821,
,22.57414,
,22.57367,
,22.56932,
,22.56464,
,22.55224,
,22.55224,
,22.54343,
,22.53533,
,22.52551,
,22.5148,
,22.50466,
,22.49263,
,22.47972,
,22.46516,
,22.45196,
,22.43883,
,22.42809,
,22.39964,
,22.39964,
,22.38882,
,22.38882,
,22.37659,
,22.35003,
,22.33799,
,22.32643,
,22.31197,
,22.30034,
,22.28943,
,22.26692,
,22.26692,
,22.2595,
,22.25156,
,22.24408,
,22.23639,
,22.22913,
,22.22386,
,22.21993,
,22.2145,
,22.21185,
,22.20922,
,22.20653,
,22.20653,
,22.20676,
,22.20407,
,22.20415,
,22.2046,
,22.20641,
,22.20827,
,22.21078,
,22.21868,
,22.2209,
,22.22243,
,22.22529,
,22.22642,
,22.22642,
,22.22696,
,22.22737,
,22.22788,
,22.23095,
,22.2335,
,22.23913,
,22.24248,
,22.2466,
,22.25888,
,22.26565,
,22.26565,
,22.27566,
,22.2836,
,22.29171,
,22.29879,
,22.31071,
,22.31071,
,22.31415,
,22.32279,
,22.32571,
,22.32733,
,22.33249,
,22.33548,
,22.33735,
,22.33844,
,22.33768,
,22.33553,
,22.33322,
,22.32994,
,22.32663,
,22.32404,
,22.32162,
,22.31837,
,22.31636,
,22.31546,
,22.31546,
,22.31373,
,22.31494,
,22.31494,
,22.31526,
,22.31831,
,22.32024,
,22.32226,
,22.32433,
,22.33125,
,22.33395,
,22.33701,
,22.34079,
,22.34501,
,22.35017,
,22.35556,
,22.36153,
,22.3664,
,22.37176,
,22.37656,
,22.38162,
,22.38508,
,22.38508,
,22.3875,
,22.39183,
,22.39739,
,22.39739,
,22.40056,
,22.4049,
,22.4049,
,22.40758,
,22.41039,
,22.41137,
,22.41137,
,22.40993,
,22.40882,
,22.4066,
,22.40141,
,22.39846,
,22.39846,
,22.3949,
,22.38935,
,22.38358,
,22.37446,
,22.37102,
,22.36667,
,22.36529,
,22.36186,
,22.35901,
,22.35733,
,22.35522,
,22.35306,
,22.35132,
,22.35005,
,22.34953,
,22.34764,
,22.34764,
,22.34752,
,22.34837,
,22.35047,
,22.35304,
,22.35625,
,22.35895,
,22.3631,
,22.36801,
,22.37311,
,22.38091,
,22.38478,
,22.38478,
,22.38757,
,22.39064,
,22.39653,
,22.40013,
,22.40013,
,22.40364,
,22.41137,
,22.41137,
,22.42346,
,22.42346,
,22.42748,
,22.43092,
,22.43352,
,22.4361,
,22.43751,
,22.43885,
,22.43998,
,22.44056,
,22.44166,
,22.44265,
,22.44356,
,22.44331,
,22.44331,
,22.4419,
,22.4394,
,22.43733,
,22.43733,
,22.43511,
,22.43038,
,22.42605,
,22.42061,
,22.41553,
,22.40362,
,22.39669,
,22.39669,
,22.3798,
,22.3798,
,22.35877,
,22.34714,
,22.33557,
,22.33557,
,22.31152,
,22.29902,
,22.27503,
,22.27503,
,22.26174,
,22.24942,
,22.23672,
,22.22462,
,22.21256,
,22.20065,
,22.18705,
,22.17475,
,22.16238,
,22.14956,
,22.12572,
,22.12572,
,22.11552,
,22.10418,
,22.09339,
,22.08206,
,22.07206,
,22.06304,
,22.05889,
,22.05255,
,22.04627,
,22.03771,
,22.03771,
,22.03166,
,22.02791,
,22.02301,
,22.02158,
,22.01591,
,22.00925,
,22.00278,
,21.99464,
,21.98709,
,21.96873,
,21.95909,
,21.95909,
,21.94905,
,21.93898,
,21.92876,
,21.90552,
,21.90552,
,21.89231,
,21.87877,
,21.86405,
,21.85158,
,21.83663,
,21.4949,
,21.47581,
,21.47811,
,21.45746,
,21.43632,
,21.41297,
,21.39112,
,21.36965,
,21.34835,
,21.32885,
,21.31028,
,21.27298,
,21.27298,
,21.25786,
,21.21883,
,21.2061,
,21.19448,
,21.17081,
,21.16108,
,21.1524,
,21.14047,
,21.13707,
,21.1285,
,21.12527,
,21.12527,
,21.15133,
,21.15142,
,21.15176,
,21.15663,
,21.15345,
,21.15345,
,21.15111,
,21.15289,
,21.14909,
,21.14489,
,21.13565,
,21.12704,
,21.12704,
,21.11779,
,21.10419,
,21.09391,
,21.08391,
,21.08391,
,21.07402,
,21.06529,
,21.04507,
,21.03447,
,21.02336,
,21.01135,
,20.99744,
,20.99744,
,20.97129,
,20.9578,
,20.94377,
,20.9294,
,20.9294,
,20.90327,
,20.86712,
,20.86712,
,20.855,
,20.83497,
,20.82804,
,20.82042,
,20.82042,
,20.80496,
,20.80496,
,20.79153,
,20.78655,
,20.77324,
,20.77324,
,20.76829,
,20.76276,
,20.75901,
,20.75062,
,20.74564,
,20.74564,
,20.74297,
,20.73807,
,20.72403,
,20.72403,
,20.71948,
,20.71643,
,20.71192,
,20.70487,
,20.70487,
,20.7013,
,20.69773,
,20.69415,
,20.68956,
,20.68476,
,20.67433,
,20.67433,
,20.66799,
,20.65606,
,20.65606,
,20.64345,
,20.64345,
,20.63513,
,20.62683,
,20.61884,
,20.61125,
,20.59707,
,20.59707,
,20.5895,
,20.58112,
,20.57317,
,20.56618,
,20.5609,
,20.55021,
,20.54434,
,20.54434,
,20.53784,
,20.53264,
,20.52794,
,20.52022,
,20.52022,
,20.51762,
,20.51562,
,20.51456,
,20.5133,
,20.51241,
,20.51189,
,20.51173,
,20.51037,
,20.5094,
,20.5094,
,20.50935,
,20.51047,
,20.51037,
,20.51202,
,20.51163,
,20.51096,
,20.51042,
,20.51029,
,20.50917,
,20.50453,
,20.5013,
,20.5013,
,20.49701,
,20.4924,
,20.48719,
,20.47444,
,20.47444,
,20.46747,
,20.45222,
,20.4437,
,20.43305,
,20.41027,
,20.41027,
,20.39913,
,20.38766,
,20.37769,
,20.36573,
,20.34111,
,20.32672,
,20.32672,
,20.3124,
,20.29748,
,20.28219,
,20.25171,
,20.23679,
,20.22046,
,20.20651,
,20.20651,
,20.1908,
,20.16437,
,20.1524,
,20.14703,
,20.14703,
,20.13513,
,20.10095,
,20.10095,
,20.09153,
,20.08515,
,20.07794,
,20.0713,
,20.06545,
,20.05992,
,20.05401,
,20.05156,
,20.05156,
,20.04319,
,20.0356,
,20.03137,
,20.03137,
,20.03275,
,20.01962,
,20.01158,
,20.00467,
,19.99774,
,19.99156,
,19.98314,
,19.97416,
,19.95739,
,19.95739,
,19.95301,
,19.94467,
,19.93553,
,19.92627,
,19.91739,
,19.9088,
,19.90242,
,19.89385,
,19.88481,
,19.8747,
,19.85339,
,19.84139,
,19.84139,
,19.82844,
,19.79976,
,19.78618,
,19.78618,
,19.77086,
,19.74144,
,19.74144,
,19.70887,
,19.68099,
,19.68099,
,19.6696,
,19.65618,
,19.64314,
,19.63464,
,19.62313,
,19.61249,
,19.60579,
,19.59589,
,19.58613,
,19.57666,
,19.55286,
,19.55286,
,19.54753,
,19.54009,
,19.5352,
,19.52843,
,19.52214,
,19.51594,
,19.51339,
,19.5086,
,19.50156,
,19.49811,
,19.49483,
,19.49483,
,19.49375,
,19.48979,
,19.48248,
,19.4769,
,19.47138,
,19.46591,
,19.46591,
,19.46679,
,19.46097,
,19.44959,
,19.44355,
,19.44355,
,19.42699,
,19.42699,
,19.398,
,19.398,
,19.38666,
,19.37258,
,19.35712,
,19.32305,
,19.32305,
,19.3053,
,19.28827,
,19.27093,
,19.25395,
,19.22141,
,19.20543,
,19.20543,
,19.19155,
,19.16117,
,19.1462,
,19.13186,
,19.11786,
,19.11786,
,19.08998,
,19.0753,
,19.0753,
,19.02667,
,19.00811,
,19.00811,
,18.99062,
,18.95064,
,18.93174,
,18.93174,
,18.91051,
,18.89231,
,18.87085,
,18.84941,
,18.78696,
,18.78696,
,18.78696,
,18.76577,
,18.72058,
,18.69761,
,18.67418,
,18.65026,
,18.65026,
,18.62655,
,18.58565,
,18.56604,
,18.52628,
,18.50814,
,18.50814,
,18.49134,
,18.47331,
,18.45532,
,18.44233,
,18.42202,
,18.40268,
,18.38216,
,18.36184,
,18.29789,
,18.29789,
,18.26301,
,18.23962,
,18.21643,
,18.18496,
,18.16165,
,18.13992,
,18.15226,
,18.15226,
,18.11427,
,18.07094,
,18.07094,
,18.05381,
,18.03884,
,18.0243,
,18.01043,
,17.98642,
,17.97402,
,17.97402,
,17.96842,
,17.9567,
,17.93094,
,17.93094,
,17.92408,
,17.90138,
,17.88969,
,17.87673,
,17.86821,
,17.86821,
,17.85552,
,17.83237,
,17.82038,
,17.80026,
,17.78854,
,17.77751,
,17.77751,
,17.76913,
,17.74923,
,17.73593,
,17.72332,
,17.72332,
,17.70813,
,17.69545,
,17.65248,
,17.65248,
,17.63739,
,17.62154,
,17.6046,
,17.56879,
,17.56879,
,17.55157,
,17.5343,
,17.51485,
,17.49561,
,17.44022,
,17.44022,
,17.42305,
,17.40735,
,17.39003,
,17.35754,
,17.35754,
,17.34263,
,17.32911,
,17.31544,
,17.30136,
,17.27322,
,17.25792,
,17.2422,
,17.22614,
,17.21039,
,17.19331,
,17.17694,
,17.16506,
,17.15079,
,17.14198,
,17.12686,
,17.11224,
,17.08224,
,17.08224,
,17.0645,
,17.04318,
,17.02419,
,16.98701,
,16.98701,
,16.96932,
,16.95173,
,16.92523,
,16.90535,
,16.86899,
,16.85126,
,16.85126,
,16.81003,
,16.78832,
,16.7662,
,16.74411,
,16.72136,
,16.69995,
,16.67163,
,16.64911,
,16.60305,
,16.60305,
,16.58472,
,16.56742,
,16.55324,
,16.53623,
,16.50212,
,16.50212,
,16.4828,
,16.46747,
,16.45216,
,16.43802,
,16.40921,
,16.39517,
,16.38089,
,16.36667,
,16.3519,
,16.33743,
,16.32306,
,16.3081,
,16.29315,
,16.28366,
,16.2722,
,16.25844,
,16.25844,
,16.24878,
,16.2394,
,16.23405,
,16.22879,
,16.22453,
,16.22438,
,16.22063,
,16.21627,
,16.21067,
,16.20591,
,16.19386,
,16.19386,
,16.19048,
,16.19048,
,16.18516,
,16.18052,
,16.17563,
,16.17563,
,16.16866,
,16.16708,
,16.16426,
,16.15933,
,16.15933,
,16.15639,
,16.15639,
,16.15332,
,16.15117,
,16.14857,
,16.14885,
,16.14885,
,16.14433,
,16.14292,
,16.14381,
,16.14191,
,16.13819,
,16.13819,
,16.13439,
,16.13094,
,16.13094,
,16.12427,
,16.12041,
,16.1171,
,16.11351,
,16.10941,
,16.10659,
,16.10165,
,16.10165,
,16.09854,
,16.09552,
,16.09274,
,16.09039,
,16.08877,
,16.08557,
,16.08557,
,16.0833,
,16.07835,
,16.07684,
,16.07625,
,16.07561,
,16.07519,
,16.07468,
,16.07505,
,16.07483,
,16.0743,
,16.07371,
,16.07371,
,16.07257,
,16.07273,
,16.07064,
,16.06657,
,16.06657,
,16.06376,
,16.06376,
,16.05733,
,16.05391,
,16.04579,
,16.04579,
,16.04059,
,16.03428,
,16.02662,
,16.01795,
,15.99683,
,15.98654,
,15.97621,
,15.97621,
,15.9562,
,15.94676,
,15.93743,
,15.92897,
,15.92897,
,15.91093,
,15.90194,
,15.89223,
,15.87221,
,15.87221,
,15.85997,
,15.84716,
,15.83339,
,15.80215,
,15.80215,
,15.78715,
,15.77172,
,15.75741,
,15.73992,
,15.69542,
,15.67953,
,15.67953,
,15.66424,
,15.64994,
,15.635,
,15.635,
,15.62267,
,15.62043,
,15.61119,
,15.6015,
,15.5898,
,15.58163,
,15.56943,
